{
  "model_path": "models\\multi_channel_lstm_20250727_215847.pth",
  "channels": [
    "sim_20250725_002114_CH0",
    "sim_20250725_002114_CH1"
  ],
  "data_info": {
    "window_size": 24,
    "horizon": 12,
    "input_size": 2,
    "data_shape": [
      2,
      20000
    ]
  },
  "model_config": {
    "window_size": 24,
    "horizon": 12,
    "batch_size": 32,
    "hidden_size": 64,
    "num_layers": 2,
    "dropout": 0.1,
    "lr": 0.001,
    "epochs": 10
  },
  "training_history": {
    "train_loss": [
      0.01883178704817304,
      0.006755451852396063,
      0.00614298497288311,
      0.005993706690205061,
      0.005861156512727402,
      0.005708408658925521,
      0.00568523640409794,
      0.005565595373141556,
      0.0055004751266596215,
      0.005495294916429674
    ],
    "val_loss": [
      0.0065939333494207724,
      0.00551639371607304,
      0.005435283118091088,
      0.005215745657357942,
      0.005097306036561272,
      0.005127896910515971,
      0.005199146857348944,
      0.0051333199876256565,
      0.0048352595545014644,
      0.004972554014455725
    ],
    "best_val_loss": 0.0048352595545014644,
    "epochs_trained": 10
  },
  "channel_stats": {
    "0": {
      "min": -2.268121423443244,
      "max": 2.3492729569968094,
      "mean": 0.0008102099201163042,
      "std": 1.4182653607883744,
      "original_range": 4.617394380440054,
      "normalization_method": "min_max",
      "is_valid": true
    },
    "1": {
      "min": -0.1990427851930369,
      "max": 3.2156059311711145,
      "mean": 0.9002914715940861,
      "std": 1.3758990402052889,
      "original_range": 3.4146487163641512,
      "normalization_method": "min_max",
      "is_valid": true
    }
  },
  "timestamp": "20250727_215847"
}