{
  "model_path": "models\\multi_channel_lstm_20250726_011334.pth",
  "channels": [
    "sim_20250725_002114_CH0",
    "sim_20250725_002114_CH1"
  ],
  "data_info": {
    "window_size": 24,
    "horizon": 12,
    "input_size": 2,
    "data_shape": [
      2,
      20000
    ]
  },
  "model_config": {
    "window_size": 24,
    "horizon": 12,
    "batch_size": 32,
    "hidden_size": 64,
    "num_layers": 2,
    "dropout": 0.1,
    "lr": 0.001,
    "epochs": 10
  },
  "training_history": {
    "train_loss": [
      0.019146229203862886,
      0.006688079224644736,
      0.006260201822459118,
      0.006091260691562314,
      0.005850663194587364,
      0.0057880767086708335,
      0.005709080220156432,
      0.005607404192543037,
      0.005518785663864424,
      0.0055904230458536175
    ],
    "val_loss": [
      0.006427783164210578,
      0.006127059956309088,
      0.005615332875366105,
      0.0052627525583375245,
      0.005247776797833912,
      0.005127391151581059,
      0.005467727176592428,
      0.004888439765559172,
      0.005132057749544904,
      0.004992753649353387
    ],
    "best_val_loss": 0.004888439765559172,
    "epochs_trained": 10
  },
  "channel_stats": {
    "0": {
      "min": -2.268121423443244,
      "max": 2.3492729569968094,
      "mean": 0.0008102099201163042,
      "std": 1.4182653607883744,
      "original_range": 4.617394380440054,
      "normalization_method": "min_max",
      "is_valid": true
    },
    "1": {
      "min": -0.1990427851930369,
      "max": 3.2156059311711145,
      "mean": 0.9002914715940861,
      "std": 1.3758990402052889,
      "original_range": 3.4146487163641512,
      "normalization_method": "min_max",
      "is_valid": true
    }
  },
  "timestamp": "20250726_011334"
}