{
  "model_path": "models\\multi_channel_lstm_20250727_195018.pth",
  "channels": [
    "sim_20250725_002114_CH0",
    "sim_20250725_002114_CH1"
  ],
  "data_info": {
    "window_size": 24,
    "horizon": 12,
    "input_size": 2,
    "data_shape": [
      2,
      20000
    ]
  },
  "model_config": {
    "window_size": 24,
    "horizon": 12,
    "batch_size": 32,
    "hidden_size": 64,
    "num_layers": 2,
    "dropout": 0.1,
    "lr": 0.001,
    "epochs": 10
  },
  "training_history": {
    "train_loss": [
      0.02082786082705159,
      0.006708262918076907,
      0.006133591293227311,
      0.005890896887778468,
      0.00585364275457427,
      0.005621813929765496,
      0.005590570938066969,
      0.0055990076548733175,
      0.0055013913630605924,
      0.005504763101358648
    ],
    "val_loss": [
      0.006078792818291905,
      0.005579958625256698,
      0.005223692931975436,
      0.005453903003573477,
      0.005025082078645937,
      0.005104254764638484,
      0.004971808333450215,
      0.005046655317121978,
      0.004922488477375814,
      0.005391665914856353
    ],
    "best_val_loss": 0.004922488477375814,
    "epochs_trained": 10
  },
  "channel_stats": {
    "0": {
      "min": -2.268121423443244,
      "max": 2.3492729569968094,
      "mean": 0.0008102099201163042,
      "std": 1.4182653607883744,
      "original_range": 4.617394380440054,
      "normalization_method": "min_max",
      "is_valid": true
    },
    "1": {
      "min": -0.1990427851930369,
      "max": 3.2156059311711145,
      "mean": 0.9002914715940861,
      "std": 1.3758990402052889,
      "original_range": 3.4146487163641512,
      "normalization_method": "min_max",
      "is_valid": true
    }
  },
  "timestamp": "20250727_195018"
}