{
  "model_path": "models\\multi_channel_lstm_20250727_213734.pth",
  "channels": [
    "sim_20250725_002114_CH0",
    "sim_20250725_002114_CH1"
  ],
  "data_info": {
    "window_size": 24,
    "horizon": 12,
    "input_size": 2,
    "data_shape": [
      2,
      20000
    ]
  },
  "model_config": {
    "window_size": 24,
    "horizon": 12,
    "batch_size": 32,
    "hidden_size": 64,
    "num_layers": 2,
    "dropout": 0.1,
    "lr": 0.001,
    "epochs": 10
  },
  "training_history": {
    "train_loss": [
      0.020173673497356295,
      0.00662146637230063,
      0.0062103064506191085,
      0.0059479551911418,
      0.005798296277113983,
      0.0057256928145847106,
      0.0056236569521398855,
      0.005545544503331269,
      0.005500360059704274,
      0.005607188029403349
    ],
    "val_loss": [
      0.006201855408552876,
      0.0058904299342217165,
      0.005465967764587518,
      0.005619088578548164,
      0.005183635753557145,
      0.005095118671925639,
      0.005080295806847255,
      0.005225954685692101,
      0.0049754209430056045,
      0.004986199362394202
    ],
    "best_val_loss": 0.0049754209430056045,
    "epochs_trained": 10
  },
  "channel_stats": {
    "0": {
      "min": -2.268121423443244,
      "max": 2.3492729569968094,
      "mean": 0.0008102099201163042,
      "std": 1.4182653607883744,
      "original_range": 4.617394380440054,
      "normalization_method": "min_max",
      "is_valid": true
    },
    "1": {
      "min": -0.1990427851930369,
      "max": 3.2156059311711145,
      "mean": 0.9002914715940861,
      "std": 1.3758990402052889,
      "original_range": 3.4146487163641512,
      "normalization_method": "min_max",
      "is_valid": true
    }
  },
  "timestamp": "20250727_213734"
}