{
  "model_path": "models\\multi_channel_lstm_20250727_194700.pth",
  "channels": [
    "sim_20250725_002114_CH0",
    "sim_20250725_002114_CH1"
  ],
  "data_info": {
    "window_size": 24,
    "horizon": 12,
    "input_size": 2,
    "data_shape": [
      2,
      20000
    ]
  },
  "model_config": {
    "window_size": 24,
    "horizon": 12,
    "batch_size": 32,
    "hidden_size": 64,
    "num_layers": 2,
    "dropout": 0.1,
    "lr": 0.001,
    "epochs": 10
  },
  "training_history": {
    "train_loss": [
      0.020307473042203025,
      0.006603689485195453,
      0.006213621489727098,
      0.005880683192581544,
      0.005745451463023052,
      0.0057104227521501535,
      0.005612330325134311,
      0.005549438260985832,
      0.005484421251717853,
      0.005569350068698247
    ],
    "val_loss": [
      0.006010267120028073,
      0.005533329679932881,
      0.005507805070436084,
      0.005110639766690896,
      0.00535443308701283,
      0.004944294529157057,
      0.0048993992875577845,
      0.005136047471983438,
      0.0049429947740715395,
      0.005169822956110906
    ],
    "best_val_loss": 0.0048993992875577845,
    "epochs_trained": 10
  },
  "channel_stats": {
    "0": {
      "min": -2.268121423443244,
      "max": 2.3492729569968094,
      "mean": 0.0008102099201163042,
      "std": 1.4182653607883744,
      "original_range": 4.617394380440054,
      "normalization_method": "min_max",
      "is_valid": true
    },
    "1": {
      "min": -0.1990427851930369,
      "max": 3.2156059311711145,
      "mean": 0.9002914715940861,
      "std": 1.3758990402052889,
      "original_range": 3.4146487163641512,
      "normalization_method": "min_max",
      "is_valid": true
    }
  },
  "timestamp": "20250727_194700"
}