{
  "model_path": "models\\multi_channel_lstm_20250728_135725.pth",
  "channels": [
    "sim_20250725_002114_CH0",
    "sim_20250725_002114_CH1"
  ],
  "data_info": {
    "window_size": 24,
    "horizon": 12,
    "input_size": 2,
    "data_shape": [
      2,
      20000
    ]
  },
  "model_config": {
    "window_size": 24,
    "horizon": 12,
    "batch_size": 32,
    "hidden_size": 64,
    "num_layers": 2,
    "dropout": 0.1,
    "lr": 0.001,
    "epochs": 10
  },
  "training_history": {
    "train_loss": [
      0.020815444217773166,
      0.006642814683413572,
      0.006137474365180755,
      0.005921271581680128,
      0.0058736007168326415,
      0.005703066318115812,
      0.00567897213279276,
      0.005590601215640922,
      0.005502108618237709,
      0.005533655226556691
    ],
    "val_loss": [
      0.006889388438294384,
      0.005690128024496594,
      0.005365473927900275,
      0.005269650114759644,
      0.005683858154101317,
      0.005229718049064259,
      0.005158015352208167,
      0.004930611136629484,
      0.0047974621166816936,
      0.00489740073402224
    ],
    "best_val_loss": 0.0047974621166816936,
    "epochs_trained": 10
  },
  "channel_stats": {
    "0": {
      "min": -2.268121423443244,
      "max": 2.3492729569968094,
      "mean": 0.0008102099201163042,
      "std": 1.4182653607883744,
      "original_range": 4.617394380440054,
      "normalization_method": "min_max",
      "is_valid": true
    },
    "1": {
      "min": -0.1990427851930369,
      "max": 3.2156059311711145,
      "mean": 0.9002914715940861,
      "std": 1.3758990402052889,
      "original_range": 3.4146487163641512,
      "normalization_method": "min_max",
      "is_valid": true
    }
  },
  "timestamp": "20250728_135725"
}