{
  "model_path": "models\\multi_channel_lstm_20250731_153518.pth",
  "channels": [
    "6032b91c-621b-4bdf-90dc-59e6d67fc4d0_CH0"
  ],
  "data_info": {
    "window_size": 24,
    "horizon": 12,
    "input_size": 1,
    "data_shape": [
      1,
      20000
    ]
  },
  "model_config": {
    "window_size": 24,
    "horizon": 12,
    "batch_size": 32,
    "hidden_size": 64,
    "num_layers": 2,
    "dropout": 0.1,
    "lr": 0.001,
    "epochs": 10
  },
  "training_history": {
    "train_loss": [
      0.024602039750970185,
      0.00032395951345510186,
      0.0002580429470615176,
      0.00022265949492711464,
      0.00022906012410480204,
      0.0001929427623427505,
      0.00019165834139121986,
      0.0001915797226212746,
      0.00017746114031850195,
      0.0001742605962289723
    ],
    "val_loss": [
      0.00016676215725849343,
      0.00014454180827089388,
      0.00013320078459342922,
      0.00012539692010676013,
      0.0001227409870517341,
      0.0001592234993369586,
      0.00016482774051528008,
      0.00018318148245948288,
      0.0001184558999003902,
      0.00011237373744618108
    ],
    "best_val_loss": 0.00011237373744618108,
    "epochs_trained": 10
  },
  "channel_stats": {
    "0": {
      "min": 4.711435371013422,
      "max": 15.278930201179389,
      "mean": 10.001012180688448,
      "std": 3.536501708067749,
      "original_range": 10.567494830165966,
      "normalization_method": "min_max",
      "is_valid": true
    }
  },
  "timestamp": "20250731_153518"
}