{
  "model_path": "models\\multi_channel_lstm_20250727_223832.pth",
  "channels": [
    "sim_20250725_002114_CH0",
    "sim_20250725_002114_CH1"
  ],
  "data_info": {
    "window_size": 24,
    "horizon": 12,
    "input_size": 2,
    "data_shape": [
      2,
      20000
    ]
  },
  "model_config": {
    "window_size": 24,
    "horizon": 12,
    "batch_size": 32,
    "hidden_size": 64,
    "num_layers": 2,
    "dropout": 0.1,
    "lr": 0.001,
    "epochs": 10
  },
  "training_history": {
    "train_loss": [
      0.020915098196892943,
      0.006658533653718562,
      0.006085348557158708,
      0.005956139547901667,
      0.005772803769552403,
      0.005635359088221066,
      0.005552003402007185,
      0.005470579003891748,
      0.005527096191123852,
      0.0053599602115251025
    ],
    "val_loss": [
      0.006125806656510054,
      0.006345611272449109,
      0.005265528132130907,
      0.006496828881667015,
      0.005185502535475299,
      0.00508283486712397,
      0.00484475046284794,
      0.00511098447927036,
      0.004890619314268251,
      0.00687488320561007
    ],
    "best_val_loss": 0.00484475046284794,
    "epochs_trained": 10
  },
  "channel_stats": {
    "0": {
      "min": -2.268121423443244,
      "max": 2.3492729569968094,
      "mean": 0.0008102099201163042,
      "std": 1.4182653607883744,
      "original_range": 4.617394380440054,
      "normalization_method": "min_max",
      "is_valid": true
    },
    "1": {
      "min": -0.1990427851930369,
      "max": 3.2156059311711145,
      "mean": 0.9002914715940861,
      "std": 1.3758990402052889,
      "original_range": 3.4146487163641512,
      "normalization_method": "min_max",
      "is_valid": true
    }
  },
  "timestamp": "20250727_223832"
}