{
  "model_path": "models\\multi_channel_lstm_20250726_005739.pth",
  "channels": [
    "sim_20250725_002114_CH0",
    "sim_20250725_002114_CH1"
  ],
  "data_info": {
    "window_size": 24,
    "horizon": 12,
    "input_size": 2,
    "data_shape": [
      2,
      20000
    ]
  },
  "model_config": {
    "window_size": 24,
    "horizon": 12,
    "batch_size": 32,
    "hidden_size": 64,
    "num_layers": 2,
    "dropout": 0.1,
    "lr": 0.001,
    "epochs": 10
  },
  "training_history": {
    "train_loss": [
      0.02133566151864324,
      0.006585957874326585,
      0.006158116807041208,
      0.00592943094630813,
      0.005835479400834618,
      0.005660003233909846,
      0.005654213858663917,
      0.005587975632956622,
      0.005563955808786177,
      0.005457415559022204
    ],
    "val_loss": [
      0.00696026655737598,
      0.005902361324455767,
      0.0054906622984724,
      0.00538166860760031,
      0.00502009256749087,
      0.005281701307815618,
      0.005584196683249753,
      0.0047447252637790914,
      0.004791653409793458,
      0.0047131410980735845
    ],
    "best_val_loss": 0.0047131410980735845,
    "epochs_trained": 10
  },
  "channel_stats": {
    "0": {
      "min": -2.268121423443244,
      "max": 2.3492729569968094,
      "mean": 0.0008102099201163042,
      "std": 1.4182653607883744,
      "original_range": 4.617394380440054,
      "normalization_method": "min_max",
      "is_valid": true
    },
    "1": {
      "min": -0.1990427851930369,
      "max": 3.2156059311711145,
      "mean": 0.9002914715940861,
      "std": 1.3758990402052889,
      "original_range": 3.4146487163641512,
      "normalization_method": "min_max",
      "is_valid": true
    }
  },
  "timestamp": "20250726_005739"
}