{
  "model_path": "models\\multi_channel_lstm_20250726_011922.pth",
  "channels": [
    "sim_20250725_002114_CH0",
    "sim_20250725_002114_CH1"
  ],
  "data_info": {
    "window_size": 24,
    "horizon": 12,
    "input_size": 2,
    "data_shape": [
      2,
      20000
    ]
  },
  "model_config": {
    "window_size": 24,
    "horizon": 12,
    "batch_size": 32,
    "hidden_size": 64,
    "num_layers": 2,
    "dropout": 0.1,
    "lr": 0.001,
    "epochs": 10
  },
  "training_history": {
    "train_loss": [
      0.0218017793382258,
      0.00659664448492391,
      0.006227306958481891,
      0.005893973475007779,
      0.005829642467665352,
      0.005670937707512352,
      0.005655324287276749,
      0.005525381047517334,
      0.005515734165602149,
      0.005490517030625649
    ],
    "val_loss": [
      0.006547016932559695,
      0.005713594923207061,
      0.005655710365278944,
      0.005565522483827428,
      0.0051009362731302315,
      0.004918614100848147,
      0.005153239222597628,
      0.005394968329594431,
      0.005171190497423324,
      0.00484796352789767
    ],
    "best_val_loss": 0.00484796352789767,
    "epochs_trained": 10
  },
  "channel_stats": {
    "0": {
      "min": -2.268121423443244,
      "max": 2.3492729569968094,
      "mean": 0.0008102099201163042,
      "std": 1.4182653607883744,
      "original_range": 4.617394380440054,
      "normalization_method": "min_max",
      "is_valid": true
    },
    "1": {
      "min": -0.1990427851930369,
      "max": 3.2156059311711145,
      "mean": 0.9002914715940861,
      "std": 1.3758990402052889,
      "original_range": 3.4146487163641512,
      "normalization_method": "min_max",
      "is_valid": true
    }
  },
  "timestamp": "20250726_011922"
}