{
  "model_path": "models\\multi_channel_lstm_20250727_215555.pth",
  "channels": [
    "sim_20250725_002114_CH0",
    "sim_20250725_002114_CH1"
  ],
  "data_info": {
    "window_size": 24,
    "horizon": 12,
    "input_size": 2,
    "data_shape": [
      2,
      20000
    ]
  },
  "model_config": {
    "window_size": 24,
    "horizon": 12,
    "batch_size": 32,
    "hidden_size": 64,
    "num_layers": 2,
    "dropout": 0.1,
    "lr": 0.001,
    "epochs": 10
  },
  "training_history": {
    "train_loss": [
      0.01954569019141737,
      0.006594809977517802,
      0.006161697433320529,
      0.005979889469408778,
      0.005766170971693356,
      0.005667905922999363,
      0.005580989595314006,
      0.005594950623397909,
      0.0055090402104056415,
      0.005477026539686343
    ],
    "val_loss": [
      0.006111150867853096,
      0.005609747458638207,
      0.0055714237650465025,
      0.005159981252794015,
      0.005053679070539495,
      0.004966940953733122,
      0.00508034224448567,
      0.004847258689783593,
      0.005207957826837144,
      0.005029924453218824
    ],
    "best_val_loss": 0.004847258689783593,
    "epochs_trained": 10
  },
  "channel_stats": {
    "0": {
      "min": -2.268121423443244,
      "max": 2.3492729569968094,
      "mean": 0.0008102099201163042,
      "std": 1.4182653607883744,
      "original_range": 4.617394380440054,
      "normalization_method": "min_max",
      "is_valid": true
    },
    "1": {
      "min": -0.1990427851930369,
      "max": 3.2156059311711145,
      "mean": 0.9002914715940861,
      "std": 1.3758990402052889,
      "original_range": 3.4146487163641512,
      "normalization_method": "min_max",
      "is_valid": true
    }
  },
  "timestamp": "20250727_215555"
}