{
  "model_path": "models\\multi_channel_lstm_20250726_010142.pth",
  "channels": [
    "sim_20250725_002114_CH0",
    "sim_20250725_002114_CH1"
  ],
  "data_info": {
    "window_size": 24,
    "horizon": 12,
    "input_size": 2,
    "data_shape": [
      2,
      20000
    ]
  },
  "model_config": {
    "window_size": 24,
    "horizon": 12,
    "batch_size": 32,
    "hidden_size": 64,
    "num_layers": 2,
    "dropout": 0.1,
    "lr": 0.001,
    "epochs": 10
  },
  "training_history": {
    "train_loss": [
      0.019978599075267403,
      0.0066440279341944295,
      0.006193864922911926,
      0.005920801434273783,
      0.005839275475378304,
      0.005728993481195594,
      0.005604327531388665,
      0.005541796005491884,
      0.005472177496681829,
      0.0054793088418246165
    ],
    "val_loss": [
      0.006126914031251254,
      0.005782531539381957,
      0.005446887760239831,
      0.005165118549794375,
      0.005176670680273364,
      0.004879462580689467,
      0.0048284596123266965,
      0.005013614903486512,
      0.0059962508149762105,
      0.004894080966589675
    ],
    "best_val_loss": 0.0048284596123266965,
    "epochs_trained": 10
  },
  "channel_stats": {
    "0": {
      "min": -2.268121423443244,
      "max": 2.3492729569968094,
      "mean": 0.0008102099201163042,
      "std": 1.4182653607883744,
      "original_range": 4.617394380440054,
      "normalization_method": "min_max",
      "is_valid": true
    },
    "1": {
      "min": -0.1990427851930369,
      "max": 3.2156059311711145,
      "mean": 0.9002914715940861,
      "std": 1.3758990402052889,
      "original_range": 3.4146487163641512,
      "normalization_method": "min_max",
      "is_valid": true
    }
  },
  "timestamp": "20250726_010142"
}