{
  "model_path": "models\\multi_channel_lstm_20250728_202516.pth",
  "channels": [
    "sim_20250725_002114_CH0",
    "sim_20250725_002114_CH1"
  ],
  "data_info": {
    "window_size": 24,
    "horizon": 12,
    "input_size": 2,
    "data_shape": [
      2,
      20000
    ]
  },
  "model_config": {
    "window_size": 24,
    "horizon": 12,
    "batch_size": 32,
    "hidden_size": 64,
    "num_layers": 2,
    "dropout": 0.1,
    "lr": 0.001,
    "epochs": 10
  },
  "training_history": {
    "train_loss": [
      0.019570777353082595,
      0.006665924871558839,
      0.0062637477525769895,
      0.006037090741176781,
      0.00590032447412934,
      0.005743426297822204,
      0.005626938307127176,
      0.005679712346296766,
      0.005549822990980758,
      0.0055309905869315125
    ],
    "val_loss": [
      0.006133477741968818,
      0.005835181868763918,
      0.005781561011470795,
      0.005261398372896749,
      0.005214021730972355,
      0.005113904631914611,
      0.005070600717482058,
      0.004854633882171177,
      0.005523099026214232,
      0.004810799107988405
    ],
    "best_val_loss": 0.004810799107988405,
    "epochs_trained": 10
  },
  "channel_stats": {
    "0": {
      "min": -2.268121423443244,
      "max": 2.3492729569968094,
      "mean": 0.0008102099201163042,
      "std": 1.4182653607883744,
      "original_range": 4.617394380440054,
      "normalization_method": "min_max",
      "is_valid": true
    },
    "1": {
      "min": -0.1990427851930369,
      "max": 3.2156059311711145,
      "mean": 0.9002914715940861,
      "std": 1.3758990402052889,
      "original_range": 3.4146487163641512,
      "normalization_method": "min_max",
      "is_valid": true
    }
  },
  "timestamp": "20250728_202516"
}