{
  "model_path": "models\\multi_channel_lstm_20250726_013749.pth",
  "channels": [
    "sim_20250725_002114_CH0",
    "sim_20250725_002114_CH1"
  ],
  "data_info": {
    "window_size": 24,
    "horizon": 12,
    "input_size": 2,
    "data_shape": [
      2,
      20000
    ]
  },
  "model_config": {
    "window_size": 24,
    "horizon": 12,
    "batch_size": 32,
    "hidden_size": 64,
    "num_layers": 2,
    "dropout": 0.1,
    "lr": 0.001,
    "epochs": 10
  },
  "training_history": {
    "train_loss": [
      0.02057649643273355,
      0.00646290801520389,
      0.006148833368832428,
      0.005895283734649676,
      0.005777733323475436,
      0.00567100152854959,
      0.0056263884417318425,
      0.005590905583766236,
      0.0055295428073617635,
      0.005398502493851543
    ],
    "val_loss": [
      0.006193439925134063,
      0.006073396386977463,
      0.005397962293887333,
      0.005146963934864889,
      0.005185029120184481,
      0.005204559031358742,
      0.0050413299632442,
      0.00496844081963571,
      0.004911830690577924,
      0.004853794551231561
    ],
    "best_val_loss": 0.004853794551231561,
    "epochs_trained": 10
  },
  "channel_stats": {
    "0": {
      "min": -2.268121423443244,
      "max": 2.3492729569968094,
      "mean": 0.0008102099201163042,
      "std": 1.4182653607883744,
      "original_range": 4.617394380440054,
      "normalization_method": "min_max",
      "is_valid": true
    },
    "1": {
      "min": -0.1990427851930369,
      "max": 3.2156059311711145,
      "mean": 0.9002914715940861,
      "std": 1.3758990402052889,
      "original_range": 3.4146487163641512,
      "normalization_method": "min_max",
      "is_valid": true
    }
  },
  "timestamp": "20250726_013749"
}