{
  "model_path": "models\\multi_channel_lstm_20250726_011719.pth",
  "channels": [
    "sim_20250725_002114_CH0",
    "sim_20250725_002114_CH1"
  ],
  "data_info": {
    "window_size": 24,
    "horizon": 12,
    "input_size": 2,
    "data_shape": [
      2,
      20000
    ]
  },
  "model_config": {
    "window_size": 24,
    "horizon": 12,
    "batch_size": 32,
    "hidden_size": 64,
    "num_layers": 2,
    "dropout": 0.1,
    "lr": 0.001,
    "epochs": 10
  },
  "training_history": {
    "train_loss": [
      0.02042209646223407,
      0.006689625640758857,
      0.006235950996324599,
      0.005951264432260609,
      0.00584445253307068,
      0.005679041708130134,
      0.0055904333863047205,
      0.0055751774310362386,
      0.005539952734436251,
      0.005562401203906432
    ],
    "val_loss": [
      0.00681049942919499,
      0.0059504044555533835,
      0.005384509947381299,
      0.00542932548721202,
      0.005088122386641384,
      0.005650528016477883,
      0.00491976948916922,
      0.005026371639650414,
      0.004880669064190674,
      0.005318524247528292
    ],
    "best_val_loss": 0.004880669064190674,
    "epochs_trained": 10
  },
  "channel_stats": {
    "0": {
      "min": -2.268121423443244,
      "max": 2.3492729569968094,
      "mean": 0.0008102099201163042,
      "std": 1.4182653607883744,
      "original_range": 4.617394380440054,
      "normalization_method": "min_max",
      "is_valid": true
    },
    "1": {
      "min": -0.1990427851930369,
      "max": 3.2156059311711145,
      "mean": 0.9002914715940861,
      "std": 1.3758990402052889,
      "original_range": 3.4146487163641512,
      "normalization_method": "min_max",
      "is_valid": true
    }
  },
  "timestamp": "20250726_011719"
}