{
  "model_path": "models\\multi_channel_lstm_20250731_161607.pth",
  "channels": [
    "6032b91c-621b-4bdf-90dc-59e6d67fc4d0_CH0"
  ],
  "data_info": {
    "window_size": 24,
    "horizon": 12,
    "input_size": 1,
    "data_shape": [
      1,
      20000
    ]
  },
  "model_config": {
    "window_size": 24,
    "horizon": 12,
    "batch_size": 32,
    "hidden_size": 64,
    "num_layers": 2,
    "dropout": 0.1,
    "lr": 0.001,
    "epochs": 10
  },
  "training_history": {
    "train_loss": [
      0.022743679667686888,
      0.0002984358026412714,
      0.00024908897683404823,
      0.00020129447991376875,
      0.00018162034909897302,
      0.00018842013408131556,
      0.00017637710566648435,
      0.00017579492459657604,
      0.0001761970846557849,
      0.00015551871265145125
    ],
    "val_loss": [
      0.00019160058288067143,
      0.0001831097569981679,
      0.00014136590834823437,
      0.0001540487741139975,
      0.00011033490157755528,
      0.0001437766133792738,
      0.0001603639958626987,
      0.00011874669113201386,
      0.0001484413000883812,
      0.00010888268452811432
    ],
    "best_val_loss": 0.00010888268452811432,
    "epochs_trained": 10
  },
  "channel_stats": {
    "0": {
      "min": 4.711435371013422,
      "max": 15.278930201179389,
      "mean": 10.001012180688448,
      "std": 3.536501708067749,
      "original_range": 10.567494830165966,
      "normalization_method": "min_max",
      "is_valid": true
    }
  },
  "test_data": {
    "X_test": 