{
  "model_path": "models\\multi_channel_lstm_20250728_134951.pth",
  "channels": [
    "sim_20250725_002114_CH0",
    "sim_20250725_002114_CH1"
  ],
  "data_info": {
    "window_size": 24,
    "horizon": 12,
    "input_size": 2,
    "data_shape": [
      2,
      20000
    ]
  },
  "model_config": {
    "window_size": 24,
    "horizon": 12,
    "batch_size": 32,
    "hidden_size": 64,
    "num_layers": 2,
    "dropout": 0.1,
    "lr": 0.001,
    "epochs": 10
  },
  "training_history": {
    "train_loss": [
      0.02073390394498784,
      0.006618582164187803,
      0.006197430412535443,
      0.005996534648272518,
      0.005848476323176567,
      0.005711760297465592,
      0.005645196252311761,
      0.0055825024756903435,
      0.0055500940147742575,
      0.0054465739075914964
    ],
    "val_loss": [
      0.006946653243156764,
      0.005755395003089166,
      0.006220028580889661,
      0.005821510821523918,
      0.00528893487322382,
      0.005009410167521639,
      0.00491908737464481,
      0.004888847601869976,
      0.004992575460532184,
      0.004718460025577905
    ],
    "best_val_loss": 0.004718460025577905,
    "epochs_trained": 10
  },
  "channel_stats": {
    "0": {
      "min": -2.268121423443244,
      "max": 2.3492729569968094,
      "mean": 0.0008102099201163042,
      "std": 1.4182653607883744,
      "original_range": 4.617394380440054,
      "normalization_method": "min_max",
      "is_valid": true
    },
    "1": {
      "min": -0.1990427851930369,
      "max": 3.2156059311711145,
      "mean": 0.9002914715940861,
      "std": 1.3758990402052889,
      "original_range": 3.4146487163641512,
      "normalization_method": "min_max",
      "is_valid": true
    }
  },
  "timestamp": "20250728_134951"
}