{
  "model_path": "models\\multi_channel_lstm_20250728_212038.pth",
  "channels": [
    "sim_20250725_002114_CH0",
    "sim_20250725_002114_CH1"
  ],
  "data_info": {
    "window_size": 24,
    "horizon": 12,
    "input_size": 2,
    "data_shape": [
      2,
      20000
    ]
  },
  "model_config": {
    "window_size": 24,
    "horizon": 12,
    "batch_size": 32,
    "hidden_size": 64,
    "num_layers": 2,
    "dropout": 0.1,
    "lr": 0.001,
    "epochs": 10
  },
  "training_history": {
    "train_loss": [
      0.020222320724720907,
      0.006775903705192103,
      0.006181447828258867,
      0.00595444644568488,
      0.00571481170182306,
      0.00567030636630995,
      0.005623342465471851,
      0.00551091786980143,
      0.005467616993581207,
      0.005467748419553237
    ],
    "val_loss": [
      0.007477177422186558,
      0.005691964359473477,
      0.006211741519516007,
      0.0055587889451379985,
      0.004958848394961295,
      0.004972220925141145,
      0.005445287192916557,
      0.004724219671457986,
      0.004817803894687305,
      0.00489548328759872
    ],
    "best_val_loss": 0.004724219671457986,
    "epochs_trained": 10
  },
  "channel_stats": {
    "0": {
      "min": -2.268121423443244,
      "max": 2.3492729569968094,
      "mean": 0.0008102099201163042,
      "std": 1.4182653607883744,
      "original_range": 4.617394380440054,
      "normalization_method": "min_max",
      "is_valid": true
    },
    "1": {
      "min": -0.1990427851930369,
      "max": 3.2156059311711145,
      "mean": 0.9002914715940861,
      "std": 1.3758990402052889,
      "original_range": 3.4146487163641512,
      "normalization_method": "min_max",
      "is_valid": true
    }
  },
  "timestamp": "20250728_212038"
}