{
  "model_path": "models\\multi_channel_lstm_20250727_205248.pth",
  "channels": [
    "sim_20250725_002114_CH0",
    "sim_20250725_002114_CH1"
  ],
  "data_info": {
    "window_size": 24,
    "horizon": 12,
    "input_size": 2,
    "data_shape": [
      2,
      20000
    ]
  },
  "model_config": {
    "window_size": 24,
    "horizon": 12,
    "batch_size": 32,
    "hidden_size": 64,
    "num_layers": 2,
    "dropout": 0.1,
    "lr": 0.001,
    "epochs": 10
  },
  "training_history": {
    "train_loss": [
      0.02156724479916299,
      0.006602365001039771,
      0.006153824429472086,
      0.005942594821141815,
      0.00576928204915953,
      0.005663234217292725,
      0.005592937697256857,
      0.005485795386209104,
      0.005530900098660479,
      0.0055040877241293905
    ],
    "val_loss": [
      0.006124938563090759,
      0.005570092694549029,
      0.005724205879155209,
      0.005663782733113585,
      0.007156816974995618,
      0.005016440562804804,
      0.005191962512400734,
      0.005733565629232041,
      0.00499882787946572,
      0.004722670400564737
    ],
    "best_val_loss": 0.004722670400564737,
    "epochs_trained": 10
  },
  "channel_stats": {
    "0": {
      "min": -2.268121423443244,
      "max": 2.3492729569968094,
      "mean": 0.0008102099201163042,
      "std": 1.4182653607883744,
      "original_range": 4.617394380440054,
      "normalization_method": "min_max",
      "is_valid": true
    },
    "1": {
      "min": -0.1990427851930369,
      "max": 3.2156059311711145,
      "mean": 0.9002914715940861,
      "std": 1.3758990402052889,
      "original_range": 3.4146487163641512,
      "normalization_method": "min_max",
      "is_valid": true
    }
  },
  "timestamp": "20250727_205248"
}