{
  "model_path": "models\\multi_channel_lstm_20250726_012404.pth",
  "channels": [
    "sim_20250725_002114_CH0",
    "sim_20250725_002114_CH1"
  ],
  "data_info": {
    "window_size": 24,
    "horizon": 12,
    "input_size": 2,
    "data_shape": [
      2,
      20000
    ]
  },
  "model_config": {
    "window_size": 24,
    "horizon": 12,
    "batch_size": 32,
    "hidden_size": 64,
    "num_layers": 2,
    "dropout": 0.1,
    "lr": 0.001,
    "epochs": 10
  },
  "training_history": {
    "train_loss": [
      0.019583490426765087,
      0.006638343043165022,
      0.00618443444189541,
      0.006018694868743914,
      0.005860526525219412,
      0.0057055741669482275,
      0.00560982759830966,
      0.005612505546177459,
      0.0054994048203077395,
      0.005403957216471894
    ],
    "val_loss": [
      0.006372176739882598,
      0.005766343596599441,
      0.005427754187196037,
      0.005298195767186662,
      0.005546012606615439,
      0.005444149343987946,
      0.004947338566590259,
      0.004818803035069574,
      0.005090452655109557,
      0.004716905205141495
    ],
    "best_val_loss": 0.004716905205141495,
    "epochs_trained": 10
  },
  "channel_stats": {
    "0": {
      "min": -2.268121423443244,
      "max": 2.3492729569968094,
      "mean": 0.0008102099201163042,
      "std": 1.4182653607883744,
      "original_range": 4.617394380440054,
      "normalization_method": "min_max",
      "is_valid": true
    },
    "1": {
      "min": -0.1990427851930369,
      "max": 3.2156059311711145,
      "mean": 0.9002914715940861,
      "std": 1.3758990402052889,
      "original_range": 3.4146487163641512,
      "normalization_method": "min_max",
      "is_valid": true
    }
  },
  "timestamp": "20250726_012404"
}