{
  "model_path": "D:\\multi\\multi\\myproject\\media\\models\\multi_channel_lstm_20250725_214749.pth",
  "channels": [
    "sim_20250725_002114_CH1",
    "sim_20250725_002114_CH0"
  ],
  "data_info": {
    "window_size": 200,
    "horizon": 12,
    "input_size": 2,
    "data_shape": [
      2,
      20000
    ]
  },
  "model_config": {
    "window_size": 200,
    "horizon": 12,
    "batch_size": 32,
    "epochs": 10,
    "lr": 0.001,
    "hidden_size": 64,
    "num_layers": 1,
    "dropout": 0.2,
    "patience": 10
  },
  "training_history": {
    "train_loss": [
      0.020528204493492404,
      0.006319128746499134,
      0.005973334010157037,
      0.00578212923669809,
      0.005597365141725792,
      0.005485128302140028,
      0.005494809315209739,
      0.005399592524995558,
      0.005390060992694221,
      0.005357634710894325
    ],
    "val_loss": [
      0.006609874447965394,
      0.006927314665048353,
      0.005809152582710388,
      0.005575874518986131,
      0.005586279084860918,
      0.005522734737799813,
      0.00537655242939069,
      0.005401676244688251,
      0.005325821784740534,
      0.005490824029723343
    ],
    "best_val_loss": 0.005325821784740534,
    "epochs_trained": 10
  },
  "channel_stats": {
    "0": {
      "min": -0.1990427851930369,
      "max": 3.2156059311711145,
      "mean": 0.9002914715940861,
      "std": 1.3758990402052889,
      "original_range": 3.4146487163641512,
      "normalization_method": "min_max",
      "is_valid": true
    },
    "1": {
      "min": -2.268121423443244,
      "max": 2.3492729569968094,
      "mean": 0.0008102099201163042,
      "std": 1.4182653607883744,
      "original_range": 4.617394380440054,
      "normalization_method": "min_max",
      "is_valid": true
    }
  },
  "timestamp": "20250725_214749"
}