{
  "model_path": "D:\\multi\\multi\\myproject\\media\\models\\multi_channel_lstm_20250725_171810.pth",
  "channels": [
    "sim_20250725_002114_CH0",
    "sim_20250725_002114_CH1"
  ],
  "data_info": {
    "window_size": 100,
    "horizon": 10,
    "input_size": 2,
    "data_shape": [
      2,
      20000
    ]
  },
  "model_config": {
    "window_size": 100,
    "horizon": 10,
    "batch_size": 32,
    "epochs": 100,
    "lr": 0.001,
    "hidden_size": 64,
    "num_layers": 1,
    "dropout": 0.2,
    "patience": 10
  },
  "training_history": {
    "train_loss": [
      0.020953094108652863,
      0.005554499422091085,
      0.005194266980093126,
      0.004992545966177521,
      0.004859435450154306,
      0.004847129882973354,
      0.004715205006672009,
      0.004713265853293172,
      0.004651971613809919,
      0.004642235912588733,
      0.00463327375032892,
      0.004583253626660401,
      0.004636918765053777,
      0.004535524256008361
    ],
    "val_loss": [
      0.007133120401549411,
      0.006383768820013118,
      0.005964547088567881,
      0.005860579853686702,
      0.005638452182694814,
      0.005518462068024785,
      0.005483388695481947,
      0.005382104721997785,
      0.005349731940634925,
      0.005514206613991112,
      0.005468514940807933,
      0.005807556885671109,
      0.005270055595208257,
      0.005350116041223915
    ],
    "best_val_loss": 0.005270055595208257,
    "epochs_trained": 14
  },
  "channel_stats": {
    "0": {
      "min": -2.268121423443244,
      "max": 2.3492729569968094,
      "mean": 0.0008102099201163042,
      "std": 1.4182653607883744,
      "original_range": 4.617394380440054,
      "normalization_method": "min_max",
      "is_valid": true
    },
    "1": {
      "min": -0.1990427851930369,
      "max": 3.2156059311711145,
      "mean": 0.9002914715940861,
      "std": 1.3758990402052889,
      "original_range": 3.4146487163641512,
      "normalization_method": "min_max",
      "is_valid": true
    }
  },
  "timestamp": "20250725_171810"
}