{
  "model_path": "D:\\multi\\multi\\myproject\\media\\models\\multi_channel_lstm_20250725_204450.pth",
  "channels": [
    "sim_20250725_002114_CH0",
    "sim_20250725_002114_CH1"
  ],
  "data_info": {
    "window_size": 200,
    "horizon": 12,
    "input_size": 2,
    "data_shape": [
      2,
      20000
    ]
  },
  "model_config": {
    "window_size": 200,
    "horizon": 12,
    "batch_size": 32,
    "epochs": 10,
    "lr": 0.001,
    "hidden_size": 64,
    "num_layers": 1,
    "dropout": 0.2,
    "patience": 10
  },
  "training_history": {
    "train_loss": [
      0.02250930895761632,
      0.0062513386920217085,
      0.005892648177052575,
      0.0057199006463566635,
      0.005604108098241571,
      0.005515448962672727,
      0.00542242313852409,
      0.005366391540632968,
      0.005394517056919273,
      0.005361590270296075
    ],
    "val_loss": [
      0.006751085772687289,
      0.006133934969873598,
      0.005836956574448875,
      0.005780734800888847,
      0.005525101763283914,
      0.005463207675073977,
      0.005448776630869997,
      0.005647712419064896,
      0.005325988795976305,
      0.005380587391642933
    ],
    "best_val_loss": 0.005325988795976305,
    "epochs_trained": 10
  },
  "channel_stats": {
    "0": {
      "min": -2.268121423443244,
      "max": 2.3492729569968094,
      "mean": 0.0008102099201163042,
      "std": 1.4182653607883744,
      "original_range": 4.617394380440054,
      "normalization_method": "min_max",
      "is_valid": true
    },
    "1": {
      "min": -0.1990427851930369,
      "max": 3.2156059311711145,
      "mean": 0.9002914715940861,
      "std": 1.3758990402052889,
      "original_range": 3.4146487163641512,
      "normalization_method": "min_max",
      "is_valid": true
    }
  },
  "timestamp": "20250725_204450"
}