{
  "model_path": "D:\\multi\\multi\\myproject\\media\\models\\multi_channel_lstm_20250725_172450.pth",
  "channels": [
    "sim_20250725_002114_CH0",
    "sim_20250725_002114_CH1"
  ],
  "data_info": {
    "window_size": 100,
    "horizon": 10,
    "input_size": 2,
    "data_shape": [
      2,
      20000
    ]
  },
  "model_config": {
    "window_size": 100,
    "horizon": 10,
    "batch_size": 32,
    "epochs": 100,
    "lr": 0.001,
    "hidden_size": 64,
    "num_layers": 1,
    "dropout": 0.2,
    "patience": 10
  },
  "training_history": {
    "train_loss": [
      0.019254086093647073,
      0.00533266864658799,
      0.005110842905914061,
      0.004929316549058875,
      0.004814417101843325,
      0.004734397456509172,
      0.004734102890366441,
      0.004665087474485509,
      0.004648180643375322,
      0.004625364735806916,
      0.004629826090680948,
      0.004571356914895843,
      0.00464210795412703,
      0.004562340464112947,
      0.004566751697117787,
      0.004528311678259676,
      0.004574759596042386,
      0.004506466468478929,
      0.004570241331297973,
      0.004505205810029452
    ],
    "val_loss": [
      0.006658723401995574,
      0.006260602342390871,
      0.006022378125790249,
      0.005603348317078038,
      0.005623561945345075,
      0.005588379476474539,
      0.006449118320349644,
      0.005430405825113957,
      0.005373777587900553,
      0.005392596723469707,
      0.00533721676719266,
      0.005794347760185817,
      0.005250858297469986,
      0.005250182076161628,
      0.0051827760282631445,
      0.005204111473273209,
      0.005243340176480644,
      0.005172100511969048,
      0.0052394272813429815,
      0.005243688916844474
    ],
    "best_val_loss": 0.005172100511969048,
    "epochs_trained": 20
  },
  "channel_stats": {
    "0": {
      "min": -2.268121423443244,
      "max": 2.3492729569968094,
      "mean": 0.0008102099201163042,
      "std": 1.4182653607883744,
      "original_range": 4.617394380440054,
      "normalization_method": "min_max",
      "is_valid": true
    },
    "1": {
      "min": -0.1990427851930369,
      "max": 3.2156059311711145,
      "mean": 0.9002914715940861,
      "std": 1.3758990402052889,
      "original_range": 3.4146487163641512,
      "normalization_method": "min_max",
      "is_valid": true
    }
  },
  "timestamp": "20250725_172450"
}