{
  "model_path": "D:\\multi\\multi\\myproject\\media\\models\\multi_channel_lstm_20250725_184044.pth",
  "channels": [
    "sim_20250725_002114_CH0",
    "sim_20250725_002114_CH1"
  ],
  "data_info": {
    "window_size": 100,
    "horizon": 10,
    "input_size": 2,
    "data_shape": [
      2,
      20000
    ]
  },
  "model_config": {
    "window_size": 100,
    "horizon": 10,
    "batch_size": 32,
    "epochs": 100,
    "lr": 0.001,
    "hidden_size": 64,
    "num_layers": 1,
    "dropout": 0.2,
    "patience": 10
  },
  "training_history": {
    "train_loss": [
      0.02264515037897765,
      0.005458074556439346,
      0.005080231273687795,
      0.004959001803958635,
      0.004879840027136139,
      0.004761345781318612,
      0.004697038833726915,
      0.004676023306866569,
      0.004676474062987569,
      0.004617134164677027,
      0.004580108779818973,
      0.004605379733128832,
      0.004602568506833524,
      0.004584069928493983
    ],
    "val_loss": [
      0.006865751586527504,
      0.0061912851831058355,
      0.005759797652531911,
      0.005686474395569097,
      0.005490476866822413,
      0.00566833597041934,
      0.005364294260173065,
      0.005327237651997959,
      0.0054570265164465065,
      0.005322997566954074,
      0.005290416149209511,
      0.00536169010360646,
      0.005387640906809928,
      0.0055125594585564265
    ],
    "best_val_loss": 0.005290416149209511,
    "epochs_trained": 14
  },
  "channel_stats": {
    "0": {
      "min": -2.268121423443244,
      "max": 2.3492729569968094,
      "mean": 0.0008102099201163042,
      "std": 1.4182653607883744,
      "original_range": 4.617394380440054,
      "normalization_method": "min_max",
      "is_valid": true
    },
    "1": {
      "min": -0.1990427851930369,
      "max": 3.2156059311711145,
      "mean": 0.9002914715940861,
      "std": 1.3758990402052889,
      "original_range": 3.4146487163641512,
      "normalization_method": "min_max",
      "is_valid": true
    }
  },
  "timestamp": "20250725_184044"
}