{
  "model_path": "D:\\multi\\multi\\myproject\\media\\models\\multi_channel_lstm_20250725_170441.pth",
  "channels": [
    "sim_20250725_002114_CH0",
    "sim_20250725_002114_CH1"
  ],
  "data_info": {
    "window_size": 100,
    "horizon": 10,
    "input_size": 2,
    "data_shape": [
      2,
      20000
    ]
  },
  "model_config": {
    "window_size": 100,
    "horizon": 10,
    "batch_size": 32,
    "epochs": 100,
    "lr": 0.001,
    "hidden_size": 64,
    "num_layers": 1,
    "dropout": 0.2,
    "patience": 10
  },
  "training_history": {
    "train_loss": [
      0.023688110570586715,
      0.005632728697233321,
      0.005191519906516871,
      0.0052640746795377955,
      0.0048890264081093695,
      0.004724958518636413,
      0.004700402506328628,
      0.0046443530942319785,
      0.004645889935750138,
      0.004612160539265227,
      0.004618344727424058,
      0.0045734187207609805,
      0.004617953528286974,
      0.0045420746915757985,
      0.004609184188382708,
      0.004526946574039415,
      0.004484599161548156,
      0.004523252133934742,
      0.004416422321142868
    ],
    "val_loss": [
      0.007095296451378554,
      0.006618683710025544,
      0.005941535417731118,
      0.0062641855564582695,
      0.0054817639047928905,
      0.00580386237236374,
      0.0054680064464225735,
      0.005322065624220178,
      0.005337804226462353,
      0.005288109796659208,
      0.005367845605546113,
      0.0053239982993777924,
      0.005325387385884359,
      0.005468055917980506,
      0.005211876929450305,
      0.005166808144806171,
      0.0049765966572561,
      0.005083202181304706,
      0.004842308994526282
    ],
    "best_val_loss": 0.004842308994526282,
    "epochs_trained": 19
  },
  "channel_stats": {
    "0": {
      "min": -2.268121423443244,
      "max": 2.3492729569968094,
      "mean": 0.0008102099201163042,
      "std": 1.4182653607883744,
      "original_range": 4.617394380440054,
      "normalization_method": "min_max",
      "is_valid": true
    },
    "1": {
      "min": -0.1990427851930369,
      "max": 3.2156059311711145,
      "mean": 0.9002914715940861,
      "std": 1.3758990402052889,
      "original_range": 3.4146487163641512,
      "normalization_method": "min_max",
      "is_valid": true
    }
  },
  "timestamp": "20250725_170441"
}