{
  "model_path": "D:\\multi\\multi\\myproject\\media\\models\\multi_channel_lstm_20250725_183800.pth",
  "channels": [
    "sim_20250725_002114_CH0",
    "sim_20250725_002114_CH1"
  ],
  "data_info": {
    "window_size": 100,
    "horizon": 10,
    "input_size": 2,
    "data_shape": [
      2,
      20000
    ]
  },
  "model_config": {
    "window_size": 100,
    "horizon": 10,
    "batch_size": 32,
    "epochs": 100,
    "lr": 0.001,
    "hidden_size": 64,
    "num_layers": 1,
    "dropout": 0.2,
    "patience": 10
  },
  "training_history": {
    "train_loss": [
      0.020031427515461324,
      0.005443381848894572,
      0.005132090311802907,
      0.004905992947463288,
      0.004832320902154807,
      0.004754762728367462,
      0.004668647865951702,
      0.004675866020288011,
      0.004669644672545357,
      0.004627732302643222,
      0.004670252827521619,
      0.004601754781356457,
      0.0045813132000557324,
      0.004620597974681338,
      0.00457860110207448,
      0.004585384660258402,
      0.004581105214204007,
      0.004551171412592147,
      0.004510032739452889,
      0.004519570863647108,
      0.0044915308052280905,
      0.004327734090962421
    ],
    "val_loss": [
      0.006760503505381379,
      0.006101890783534048,
      0.006042538564949435,
      0.005642823469973704,
      0.005539995143524411,
      0.005503483957541671,
      0.005563749791187373,
      0.005450048409600524,
      0.005534429036259176,
      0.005466930429820229,
      0.005459430595015255,
      0.005786510081614982,
      0.005822193132963606,
      0.005322811797823499,
      0.0052720644261113345,
      0.00533332828893029,
      0.005231664624087453,
      0.0052341175441471665,
      0.00535376363513159,
      0.005029818379045266,
      0.004801489983715037,
      0.004939562775457198
    ],
    "best_val_loss": 0.004801489983715037,
    "epochs_trained": 22
  },
  "channel_stats": {
    "0": {
      "min": -2.268121423443244,
      "max": 2.3492729569968094,
      "mean": 0.0008102099201163042,
      "std": 1.4182653607883744,
      "original_range": 4.617394380440054,
      "normalization_method": "min_max",
      "is_valid": true
    },
    "1": {
      "min": -0.1990427851930369,
      "max": 3.2156059311711145,
      "mean": 0.9002914715940861,
      "std": 1.3758990402052889,
      "original_range": 3.4146487163641512,
      "normalization_method": "min_max",
      "is_valid": true
    }
  },
  "timestamp": "20250725_183800"
}