{
  "model_path": "D:\\multi\\multi\\myproject\\media\\models\\multi_channel_lstm_20250725_183444.pth",
  "channels": [
    "sim_20250725_002114_CH0",
    "sim_20250725_002114_CH1"
  ],
  "data_info": {
    "window_size": 100,
    "horizon": 10,
    "input_size": 2,
    "data_shape": [
      2,
      20000
    ]
  },
  "model_config": {
    "window_size": 100,
    "horizon": 10,
    "batch_size": 32,
    "epochs": 100,
    "lr": 0.001,
    "hidden_size": 64,
    "num_layers": 1,
    "dropout": 0.2,
    "patience": 10
  },
  "training_history": {
    "train_loss": [
      0.020375563463365977,
      0.005580873537270369,
      0.00519170424270277,
      0.005048365826283821,
      0.0049011666126658185,
      0.00477485129048454,
      0.004785432930717484,
      0.004705185186648699,
      0.004668391063230522,
      0.004644481342263443,
      0.0046455252817095,
      0.004722728033378131,
      0.004553142587126685,
      0.004552088910179776,
      0.004546189735165088,
      0.004512114750719074,
      0.0045310035990091865,
      0.004533782070812367,
      0.004450450490075035,
      0.00453560617501386,
      0.00444563220048413,
      0.004393762061460512,
      0.004484714534739246
    ],
    "val_loss": [
      0.007033209757943777,
      0.006567382692121603,
      0.006101351905678538,
      0.005746495321410351,
      0.005588983554650653,
      0.005586786245174231,
      0.005426666962522815,
      0.005420885470812209,
      0.005389098693217904,
      0.005508768772879774,
      0.005380155671600926,
      0.0054800550541914805,
      0.005241419614089573,
      0.005427323230988088,
      0.00532228804590983,
      0.0052142872786560554,
      0.005543233457695138,
      0.00512399754742101,
      0.0051977037637311214,
      0.005486792755347894,
      0.005429397657590403,
      0.0049872460082777716,
      0.004983438459717907
    ],
    "best_val_loss": 0.004983438459717907,
    "epochs_trained": 23
  },
  "channel_stats": {
    "0": {
      "min": -2.268121423443244,
      "max": 2.3492729569968094,
      "mean": 0.0008102099201163042,
      "std": 1.4182653607883744,
      "original_range": 4.617394380440054,
      "normalization_method": "min_max",
      "is_valid": true
    },
    "1": {
      "min": -0.1990427851930369,
      "max": 3.2156059311711145,
      "mean": 0.9002914715940861,
      "std": 1.3758990402052889,
      "original_range": 3.4146487163641512,
      "normalization_method": "min_max",
      "is_valid": true
    }
  },
  "timestamp": "20250725_183444"
}