{
  "model_path": "D:\\multi\\multi\\myproject\\media\\models\\multi_channel_lstm_20250725_164315.pth",
  "channels": [
    "sim_20250725_002114_CH0",
    "sim_20250725_002114_CH1"
  ],
  "data_info": {
    "window_size": 100,
    "horizon": 10,
    "input_size": 2,
    "data_shape": [
      2,
      20000
    ]
  },
  "model_config": {
    "window_size": 100,
    "horizon": 10,
    "batch_size": 32,
    "epochs": 100,
    "lr": 0.001,
    "hidden_size": 64,
    "num_layers": 1,
    "dropout": 0.2,
    "patience": 10
  },
  "training_history": {
    "train_loss": [
      0.021841520341294773,
      0.005531366132445412,
      0.0051803672222961,
      0.005011850227858153,
      0.004905970348605946,
      0.004837016069192499,
      0.004783951288485395,
      0.004672870426967424
    ],
    "val_loss": [
      0.00697586133870534,
      0.006568318197907424,
      0.00605376051587766,
      0.005837191327876272,
      0.005727787125308284,
      0.005534065003999747,
      0.005724344652411131,
      0.006154592476222922
    ],
    "best_val_loss": 0.005534065003999747,
    "epochs_trained": 8
  },
  "channel_stats": {
    "0": {
      "min": -2.268121423443244,
      "max": 2.3492729569968094,
      "mean": 0.0008102099201163042,
      "std": 1.4182653607883744,
      "original_range": 4.617394380440054,
      "normalization_method": "min_max",
      "is_valid": true
    },
    "1": {
      "min": -0.1990427851930369,
      "max": 3.2156059311711145,
      "mean": 0.9002914715940861,
      "std": 1.3758990402052889,
      "original_range": 3.4146487163641512,
      "normalization_method": "min_max",
      "is_valid": true
    }
  },
  "timestamp": "20250725_164315"
}