{
  "model_path": "D:\\multi\\multi\\myproject\\media\\models\\multi_channel_lstm_20250725_182759.pth",
  "channels": [
    "sim_20250725_002114_CH0",
    "sim_20250725_002114_CH1"
  ],
  "data_info": {
    "window_size": 100,
    "horizon": 10,
    "input_size": 2,
    "data_shape": [
      2,
      20000
    ]
  },
  "model_config": {
    "window_size": 100,
    "horizon": 10,
    "batch_size": 32,
    "epochs": 100,
    "lr": 0.001,
    "hidden_size": 64,
    "num_layers": 1,
    "dropout": 0.2,
    "patience": 10
  },
  "training_history": {
    "train_loss": [
      0.02156044246651309,
      0.00552876846111324,
      0.005198822131940087,
      0.004983579055187207,
      0.004846737498055434,
      0.004800777866450617,
      0.0047451836918640895,
      0.004682120770550282,
      0.00463375876245939,
      0.004671450802728474,
      0.004630624930750271,
      0.004643943180130376,
      0.0046221320019391955,
      0.004601934763048605,
      0.004484443787678674,
      0.004418769457891216,
      0.0044792342368714134,
      0.004439184979515347,
      0.004469031907661835,
      0.004454034691945641,
      0.00441202408940651,
      0.004401076211777747,
      0.004417123238437536,
      0.0044460646898129,
      0.004397702865556754,
      0.004310146698417407,
      0.00428270689708954,
      0.004318619637169081,
      0.004306359128858852,
      0.004299566891725782,
      0.004325040777768179,
      0.004233490690573465,
      0.004315626534228555,
      0.004320477350954598,
      0.00427271239860026,
      0.004571205051375527,
      0.004279811074236331,
      0.004181392091153395,
      0.004077707307435649,
      0.0041491149767428,
      0.0042447763390480245,
      0.004172036487560019,
      0.004139170549458017,
      0.004167394544886544,
      0.0039874491370720955,
      0.004043928695972924
    ],
    "val_loss": [
      0.0072114056136033085,
      0.006247790713925806,
      0.0061785526164346675,
      0.005942068959677968,
      0.00571976665858219,
      0.005528992245672271,
      0.0055323108059151015,
      0.005402142539598107,
      0.0055175220344260215,
      0.005751030213395233,
      0.005503462504303241,
      0.005504794427481024,
      0.00541863702807298,
      0.005477001009684829,
      0.005304128838148206,
      0.0053665770770129845,
      0.005211402567046536,
      0.005568714261282869,
      0.005155917152420598,
      0.005315061800424604,
      0.005159229707985899,
      0.005386103450214153,
      0.005179642634639675,
      0.00522253909111122,
      0.005296181380857733,
      0.0050554019296814275,
      0.005105298905425329,
      0.005192645770953374,
      0.0051095809882254085,
      0.0052617383201883985,
      0.0050465775377543124,
      0.005211461904183763,
      0.0050683718953687855,
      0.005117205156142169,
      0.0053131005697650835,
      0.005275360476708614,
      0.005121241349657562,
      0.00498482692947096,
      0.005174640545985622,
      0.005234160415637505,
      0.005121514365260311,
      0.00498689227320125,
      0.005127808819103867,
      0.005197093413369928,
      0.004873584746940438,
      0.0049228843260046215
    ],
    "best_val_loss": 0.004873584746940438,
    "epochs_trained": 46
  },
  "channel_stats": {
    "0": {
      "min": -2.268121423443244,
      "max": 2.3492729569968094,
      "mean": 0.0008102099201163042,
      "std": 1.4182653607883744,
      "original_range": 4.617394380440054,
      "normalization_method": "min_max",
      "is_valid": true
    },
    "1": {
      "min": -0.1990427851930369,
      "max": 3.2156059311711145,
      "mean": 0.9002914715940861,
      "std": 1.3758990402052889,
      "original_range": 3.4146487163641512,
      "normalization_method": "min_max",
      "is_valid": true
    }
  },
  "timestamp": "20250725_182759"
}