{
  "model_path": "D:\\multi\\multi\\myproject\\media\\models\\multi_channel_lstm_20250725_193545.pth",
  "channels": [
    "sim_20250725_002114_CH0",
    "sim_20250725_002114_CH1"
  ],
  "data_info": {
    "window_size": 200,
    "horizon": 12,
    "input_size": 2,
    "data_shape": [
      2,
      20000
    ]
  },
  "model_config": {
    "window_size": 200,
    "horizon": 12,
    "batch_size": 32,
    "epochs": 15,
    "lr": 0.001,
    "hidden_size": 64,
    "num_layers": 1,
    "dropout": 0.2,
    "patience": 10
  },
  "training_history": {
    "train_loss": [
      0.022977056802846233,
      0.006237841424597836,
      0.005834972215294795,
      0.005680623438341573,
      0.005537927832280224,
      0.005510530845228772,
      0.005434950869573457,
      0.005400837729222573,
      0.005345700692340267,
      0.0053431102090545305,
      0.005347251323590541,
      0.0052954489008983805,
      0.005288803371370665,
      0.005326053467347968,
      0.0052960425332741375
    ],
    "val_loss": [
      0.006813588073059055,
      0.0061627006961248055,
      0.005695914804887888,
      0.0056237200646215586,
      0.0059813778598352225,
      0.005890736508781531,
      0.005387697697451879,
      0.005698539319783649,
      0.005348503671621563,
      0.005300651760383819,
      0.0053830875086307685,
      0.0052681905830839785,
      0.005547933609998454,
      0.005246824506978174,
      0.005417470126137418
    ],
    "best_val_loss": 0.005246824506978174,
    "epochs_trained": 15
  },
  "channel_stats": {
    "0": {
      "min": -2.268121423443244,
      "max": 2.3492729569968094,
      "mean": 0.0008102099201163042,
      "std": 1.4182653607883744,
      "original_range": 4.617394380440054,
      "normalization_method": "min_max",
      "is_valid": true
    },
    "1": {
      "min": -0.1990427851930369,
      "max": 3.2156059311711145,
      "mean": 0.9002914715940861,
      "std": 1.3758990402052889,
      "original_range": 3.4146487163641512,
      "normalization_method": "min_max",
      "is_valid": true
    }
  },
  "timestamp": "20250725_193545"
}