{
  "model_path": "D:\\multi\\multi\\myproject\\media\\models\\multi_channel_lstm_20250725_163744.pth",
  "channels": [
    "sim_20250725_002114_CH1",
    "sim_20250725_002114_CH0"
  ],
  "data_info": {
    "window_size": 100,
    "horizon": 10,
    "input_size": 2,
    "data_shape": [
      2,
      20000
    ]
  },
  "model_config": {
    "window_size": 100,
    "horizon": 10,
    "batch_size": 32,
    "epochs": 100,
    "lr": 0.001,
    "hidden_size": 64,
    "num_layers": 1,
    "dropout": 0.2,
    "patience": 10
  },
  "training_history": {
    "train_loss": [
      0.02305440822458151,
      0.005541660915245836,
      0.00514522385065243,
      0.004986007348367295,
      0.004872972479302633,
      0.00480054518920284,
      0.0047550475695587,
      0.004693014779525441,
      0.0046857889784914395,
      0.004641132236062122,
      0.004648181423705088,
      0.004624296872745217,
      0.004610254527673065,
      0.0046213769313608035,
      0.004570704124389438,
      0.004571595731316297,
      0.004562802925313942,
      0.004596449721656919,
      0.004532359175196071,
      0.004491787509690466,
      0.0045611442797261915,
      0.004575473892154309,
      0.00448993668523553,
      0.004567249040194112,
      0.004384271608539558,
      0.004406556353045611,
      0.004349948535700021,
      0.004425258913190625,
      0.0043028387458142695,
      0.004406007683495222,
      0.0043297370407386435,
      0.004335011113536493,
      0.0042763501298912895,
      0.004213919635347322,
      0.004298855703983054,
      0.0042094278343287805,
      0.004187634786689193,
      0.0041497280849774,
      0.004166155671722196,
      0.004238089082702255,
      0.003995782895699365,
      0.004089876585784197,
      0.003975631123066372,
      0.004000315994519309,
      0.0038967027227846058,
      0.0037888509942028553,
      0.003688674097840136,
      0.003684018272105519,
      0.0035292639526850415,
      0.003509596859491024,
      0.0033524256530554257,
      0.003236501514372296,
      0.0034082736424143733,
      0.0032803073427036464,
      0.0033197490921096635,
      0.0031779902559836448,
      0.0033399209328350363,
      0.0032216548901521217,
      0.0032118307140873693,
      0.0031381835831930526,
      0.003200615260046757,
      0.0032126979639117152,
      0.003023257122683198,
      0.003214240193910632,
      0.0030917168061949584,
      0.0031915490909099338,
      0.0033518726153271444,
      0.002949610252321565,
      0.003077849662377298,
      0.0030079947496441817,
      0.002660513764934576,
      0.002697847055836256,
      0.0026440047122962096,
      0.002582816829423766
    ],
    "val_loss": [
      0.006986707826070686,
      0.006472796423700044,
      0.006168941043607118,
      0.005690704163305085,
      0.005715729139604051,
      0.005701980940586431,
      0.005532390283522236,
      0.005352886573552709,
      0.005413578507091672,
      0.005452528515424421,
      0.005355683142973229,
      0.00536475828173818,
      0.005411655160640565,
      0.0052826247355117996,
      0.005224227619808207,
      0.005664570926146166,
      0.00543908475857337,
      0.005343162141953337,
      0.00546010588747796,
      0.005278813314284792,
      0.005458247209118897,
      0.005155913742318591,
      0.005191412060818774,
      0.00525060207539664,
      0.005157668938602697,
      0.005330314839003667,
      0.0051142476258200014,
      0.0052866695100129485,
      0.0051267258021014525,
      0.005036398842423025,
      0.0050655352295391224,
      0.005426754282373796,
      0.005109216422808574,
      0.004783777263699139,
      0.005040234010827609,
      0.005076639397575104,
      0.004612571437238775,
      0.0045022343736181554,
      0.005352063689063838,
      0.004593241728527689,
      0.004878618162462211,
      0.0047947376606703555,
      0.00408602284671283,
      0.004417975396326585,
      0.003834044356134403,
      0.003998190634871556,
      0.003949202891585337,
      0.0037930205593163027,
      0.005528476114937184,
      0.0036731269300365422,
      0.003787300752245504,
      0.0034596839175990565,
      0.003735935810874117,
      0.003498139727719505,
      0.003408353218122663,
      0.0034276417823770936,
      0.0037500054493145225,
      0.002968382380439583,
      0.003919464843149515,
      0.004476493988631967,
      0.0035829540132173397,
      0.0029642373485059695,
      0.003300767147324068,
      0.002614529805872193,
      0.0034074783916560377,
      0.004099821383282146,
      0.0036910043337674654,
      0.003431262006609146,
      0.0029360148157835243,
      0.0035755964425798663,
      0.0036421412245390265,
      0.0029484190537836996,
      0.002681120128514483,
      0.003976564017803151
    ],
    "best_val_loss": 0.002614529805872193,
    "epochs_trained": 74
  },
  "channel_stats": {
    "0": {
      "min": -0.1990427851930369,
      "max": 3.2156059311711145,
      "mean": 0.9002914715940861,
      "std": 1.3758990402052889,
      "original_range": 3.4146487163641512,
      "normalization_method": "min_max",
      "is_valid": true
    },
    "1": {
      "min": -2.268121423443244,
      "max": 2.3492729569968094,
      "mean": 0.0008102099201163042,
      "std": 1.4182653607883744,
      "original_range": 4.617394380440054,
      "normalization_method": "min_max",
      "is_valid": true
    }
  },
  "timestamp": "20250725_163744"
}