{
  "model_path": "D:\\multi\\multi\\myproject\\media\\models\\multi_channel_lstm_20250725_165530.pth",
  "channels": [
    "sim_20250725_002114_CH0",
    "sim_20250725_002114_CH1"
  ],
  "data_info": {
    "window_size": 100,
    "horizon": 10,
    "input_size": 2,
    "data_shape": [
      2,
      20000
    ]
  },
  "model_config": {
    "window_size": 100,
    "horizon": 10,
    "batch_size": 32,
    "epochs": 100,
    "lr": 0.001,
    "hidden_size": 64,
    "num_layers": 1,
    "dropout": 0.2,
    "patience": 10
  },
  "training_history": {
    "train_loss": [
      0.0221955255240014,
      0.005544532000844435,
      0.005191173362801996,
      0.004963513625809205,
      0.0048780069641615135,
      0.00475976571380353,
      0.004708458539717959,
      0.004674474497532916,
      0.004675569574011131,
      0.004627565329028251,
      0.004624808342527137,
      0.004624512896060286,
      0.004557903311610512,
      0.004602046220572965,
      0.0045947093453040395,
      0.004553102575634487,
      0.004541759933782912,
      0.004511704347593018,
      0.004461024981579496,
      0.004508073821636088,
      0.004381918120881492,
      0.00435795109367122,
      0.004291437268967382,
      0.004488941378089912,
      0.004372721435683737,
      0.004468319083429412,
      0.004319647271661387,
      0.004333439525916378,
      0.004357666895567832,
      0.004174805180275911,
      0.0042498356134282565,
      0.0041399754407877585,
      0.00426347708420875,
      0.004316475153396038,
      0.004205823562630247,
      0.0040283284641091,
      0.004400433090551748
    ],
    "val_loss": [
      0.007727495220952984,
      0.006373361267949494,
      0.005989350438578688,
      0.0059320170681879045,
      0.005757697159424424,
      0.005465224795501699,
      0.005539785047926187,
      0.005411929185279308,
      0.005536872970046813,
      0.005425289916642446,
      0.005316526154390576,
      0.0053293229984193845,
      0.0054683865319214205,
      0.005248154631810897,
      0.005563293450556577,
      0.00529017134326847,
      0.005299890161853561,
      0.005280177512991322,
      0.0052661382673095235,
      0.00570122131513075,
      0.005336102948429935,
      0.00508852517498568,
      0.005005811404887627,
      0.00517842500065602,
      0.005194930750765204,
      0.005040174634678864,
      0.005248041437725794,
      0.005209310068823199,
      0.0051426448929866656,
      0.004974333370015263,
      0.0049610730106422205,
      0.0048548389078202124,
      0.004922528874421334,
      0.005107640742975723,
      0.005396907912577165,
      0.005388465944363022,
      0.0047972704174908554
    ],
    "best_val_loss": 0.0047972704174908554,
    "epochs_trained": 37
  },
  "channel_stats": {
    "0": {
      "min": -2.268121423443244,
      "max": 2.3492729569968094,
      "mean": 0.0008102099201163042,
      "std": 1.4182653607883744,
      "original_range": 4.617394380440054,
      "normalization_method": "min_max",
      "is_valid": true
    },
    "1": {
      "min": -0.1990427851930369,
      "max": 3.2156059311711145,
      "mean": 0.9002914715940861,
      "std": 1.3758990402052889,
      "original_range": 3.4146487163641512,
      "normalization_method": "min_max",
      "is_valid": true
    }
  },
  "timestamp": "20250725_165530"
}