{
  "model_path": "D:\\multi\\multi\\myproject\\media\\models\\multi_channel_lstm_20250725_213205.pth",
  "channels": [
    "sim_20250725_002114_CH0",
    "sim_20250725_002114_CH1"
  ],
  "data_info": {
    "window_size": 200,
    "horizon": 12,
    "input_size": 2,
    "data_shape": [
      2,
      20000
    ]
  },
  "model_config": {
    "window_size": 200,
    "horizon": 12,
    "batch_size": 32,
    "epochs": 10,
    "lr": 0.001,
    "hidden_size": 64,
    "num_layers": 1,
    "dropout": 0.2,
    "patience": 10
  },
  "training_history": {
    "train_loss": [
      0.025940273938551073,
      0.00647321320434615,
      0.005992277348457081,
      0.005745655508452755,
      0.005641308279200425,
      0.005514740200786406,
      0.005442608917329899,
      0.005406110479999721,
      0.0053937778490655746,
      0.0053820765838586224
    ],
    "val_loss": [
      0.006909446338609722,
      0.00692184948267275,
      0.005876117159665051,
      0.005752545192785141,
      0.005735672311544399,
      0.005472520179483259,
      0.005553060756390413,
      0.005793554411064433,
      0.005359967072088752,
      0.005455968679324474
    ],
    "best_val_loss": 0.005359967072088752,
    "epochs_trained": 10
  },
  "channel_stats": {
    "0": {
      "min": -2.268121423443244,
      "max": 2.3492729569968094,
      "mean": 0.0008102099201163042,
      "std": 1.4182653607883744,
      "original_range": 4.617394380440054,
      "normalization_method": "min_max",
      "is_valid": true
    },
    "1": {
      "min": -0.1990427851930369,
      "max": 3.2156059311711145,
      "mean": 0.9002914715940861,
      "std": 1.3758990402052889,
      "original_range": 3.4146487163641512,
      "normalization_method": "min_max",
      "is_valid": true
    }
  },
  "timestamp": "20250725_213205"
}