{
  "model_path": "D:\\multi\\multi\\myproject\\media\\models\\multi_channel_lstm_20250725_170042.pth",
  "channels": [
    "sim_20250725_002114_CH0",
    "sim_20250725_002114_CH1"
  ],
  "data_info": {
    "window_size": 100,
    "horizon": 10,
    "input_size": 2,
    "data_shape": [
      2,
      20000
    ]
  },
  "model_config": {
    "window_size": 100,
    "horizon": 10,
    "batch_size": 32,
    "epochs": 100,
    "lr": 0.001,
    "hidden_size": 64,
    "num_layers": 1,
    "dropout": 0.2,
    "patience": 10
  },
  "training_history": {
    "train_loss": [
      0.02195483609796886,
      0.005482826497002052,
      0.005125657191906987,
      0.0049855368400906815,
      0.004891715328360763,
      0.004752472876768704,
      0.004702081130961717,
      0.004705235468855965,
      0.004680666601399618,
      0.004618476652951458,
      0.0046332783125546,
      0.004589091108363216,
      0.004566158228228082,
      0.00455589650504274,
      0.00456238343044496,
      0.004472750101031291,
      0.004517172519710351,
      0.004487630299990997,
      0.004483137016746412,
      0.00440218129056162,
      0.004331713266790323
    ],
    "val_loss": [
      0.00696311835595902,
      0.0064750634031023515,
      0.006078267837515438,
      0.006353954984583555,
      0.005716489881222592,
      0.005472695729274184,
      0.005979859581628339,
      0.00544429852619787,
      0.0061125903584786315,
      0.005549982109012954,
      0.005469884467682742,
      0.005909269470647176,
      0.005265713124746516,
      0.005261229375312897,
      0.005345459112543315,
      0.0050944469511840845,
      0.005398566827507432,
      0.005477046951938896,
      0.005514324921061919,
      0.005012263081648307,
      0.005833418808253284
    ],
    "best_val_loss": 0.005012263081648307,
    "epochs_trained": 21
  },
  "channel_stats": {
    "0": {
      "min": -2.268121423443244,
      "max": 2.3492729569968094,
      "mean": 0.0008102099201163042,
      "std": 1.4182653607883744,
      "original_range": 4.617394380440054,
      "normalization_method": "min_max",
      "is_valid": true
    },
    "1": {
      "min": -0.1990427851930369,
      "max": 3.2156059311711145,
      "mean": 0.9002914715940861,
      "std": 1.3758990402052889,
      "original_range": 3.4146487163641512,
      "normalization_method": "min_max",
      "is_valid": true
    }
  },
  "timestamp": "20250725_170042"
}