{
  "model_path": "D:\\multi\\multi\\myproject\\media\\models\\multi_channel_lstm_20250725_172557.pth",
  "channels": [
    "sim_20250725_002114_CH0",
    "sim_20250725_002114_CH1"
  ],
  "data_info": {
    "window_size": 100,
    "horizon": 10,
    "input_size": 2,
    "data_shape": [
      2,
      20000
    ]
  },
  "model_config": {
    "window_size": 100,
    "horizon": 10,
    "batch_size": 32,
    "epochs": 100,
    "lr": 0.001,
    "hidden_size": 64,
    "num_layers": 1,
    "dropout": 0.2,
    "patience": 10
  },
  "training_history": {
    "train_loss": [
      0.021927640692986666,
      0.005625659588018406,
      0.005274687928533173,
      0.004989675370070639,
      0.004864303360441102,
      0.004783541679106238,
      0.004686980132321152,
      0.004681806574207667
    ],
    "val_loss": [
      0.007656662099179812,
      0.006536685773716407,
      0.0064431439516719115,
      0.005738105906354402,
      0.005744182670357677,
      0.005526556355687988,
      0.005804053554187548,
      0.005587423328332544
    ],
    "best_val_loss": 0.005526556355687988,
    "epochs_trained": 8
  },
  "channel_stats": {
    "0": {
      "min": -2.268121423443244,
      "max": 2.3492729569968094,
      "mean": 0.0008102099201163042,
      "std": 1.4182653607883744,
      "original_range": 4.617394380440054,
      "normalization_method": "min_max",
      "is_valid": true
    },
    "1": {
      "min": -0.1990427851930369,
      "max": 3.2156059311711145,
      "mean": 0.9002914715940861,
      "std": 1.3758990402052889,
      "original_range": 3.4146487163641512,
      "normalization_method": "min_max",
      "is_valid": true
    }
  },
  "timestamp": "20250725_172557"
}