{
  "model_path": "D:\\multi\\multi\\myproject\\media\\models\\multi_channel_lstm_20250725_183139.pth",
  "channels": [
    "sim_20250725_002114_CH0",
    "sim_20250725_002114_CH1"
  ],
  "data_info": {
    "window_size": 100,
    "horizon": 10,
    "input_size": 2,
    "data_shape": [
      2,
      20000
    ]
  },
  "model_config": {
    "window_size": 100,
    "horizon": 10,
    "batch_size": 32,
    "epochs": 100,
    "lr": 0.001,
    "hidden_size": 64,
    "num_layers": 1,
    "dropout": 0.2,
    "patience": 10
  },
  "training_history": {
    "train_loss": [
      0.02233911290913799,
      0.005556835291251421,
      0.005211232482522957,
      0.004916983266620589,
      0.004904808184460934,
      0.004779082777564961,
      0.004734316898441506,
      0.004665545156517134,
      0.0046840626013480175,
      0.004643499676603824,
      0.004628854680516962,
      0.0045948269553514574,
      0.00467104079183661,
      0.0046143966087208495,
      0.004566375833963804,
      0.004558962242332834,
      0.004568412093875007,
      0.00457462048347091,
      0.004555004261302711,
      0.004538380066835356,
      0.004515912978487504,
      0.004491771438902397
    ],
    "val_loss": [
      0.007001176550786229,
      0.006346623216659088,
      0.005957977577828445,
      0.005655625700378453,
      0.006032364251911938,
      0.005567427165434755,
      0.005420751384821066,
      0.005476043573853144,
      0.005582887179929109,
      0.005307821115724088,
      0.0056020302157427995,
      0.005385746767910375,
      0.005518576738664861,
      0.005621332356005293,
      0.005268092187334526,
      0.005539715148885041,
      0.005364230199855693,
      0.005389352407717602,
      0.005467566454404113,
      0.005335554489221899,
      0.00512056318055987,
      0.005225036756762185
    ],
    "best_val_loss": 0.00512056318055987,
    "epochs_trained": 22
  },
  "channel_stats": {
    "0": {
      "min": -2.268121423443244,
      "max": 2.3492729569968094,
      "mean": 0.0008102099201163042,
      "std": 1.4182653607883744,
      "original_range": 4.617394380440054,
      "normalization_method": "min_max",
      "is_valid": true
    },
    "1": {
      "min": -0.1990427851930369,
      "max": 3.2156059311711145,
      "mean": 0.9002914715940861,
      "std": 1.3758990402052889,
      "original_range": 3.4146487163641512,
      "normalization_method": "min_max",
      "is_valid": true
    }
  },
  "timestamp": "20250725_183139"
}