{
  "model_path": "D:\\multi\\multi\\myproject\\media\\models\\multi_channel_lstm_20250725_170835.pth",
  "channels": [
    "sim_20250725_002114_CH0",
    "sim_20250725_002114_CH1"
  ],
  "data_info": {
    "window_size": 100,
    "horizon": 10,
    "input_size": 2,
    "data_shape": [
      2,
      20000
    ]
  },
  "model_config": {
    "window_size": 100,
    "horizon": 10,
    "batch_size": 32,
    "epochs": 100,
    "lr": 0.001,
    "hidden_size": 64,
    "num_layers": 1,
    "dropout": 0.2,
    "patience": 10
  },
  "training_history": {
    "train_loss": [
      0.019234428144863234,
      0.0054849921924611045,
      0.005218424704545306,
      0.0049351047024391425,
      0.004877151882007863,
      0.004802201830097389,
      0.004751226982105002,
      0.004673248939771513,
      0.004925734771350441,
      0.0046885797598798665,
      0.0046121928733538564,
      0.0046274279654234295,
      0.0046165213813907,
      0.004594409570109672,
      0.004589711423667464,
      0.004602973178374034,
      0.004520693753975222,
      0.004510557816477082,
      0.004487804641280699,
      0.004489664035478667,
      0.0044730727124527745,
      0.0044559879529390296,
      0.004393967065170894,
      0.004324395736156634,
      0.0043130879247146705,
      0.004277109723712249,
      0.0042002010002995015,
      0.004326921275247064,
      0.004037964792837765,
      0.003930360798263675,
      0.003793546421506224
    ],
    "val_loss": [
      0.006957216814972777,
      0.0061887200696374035,
      0.005900439092929059,
      0.005767401113382917,
      0.005697603628195406,
      0.005476938464314717,
      0.0059315414267636715,
      0.005664970313367295,
      0.005715758214640292,
      0.005329266878184268,
      0.005455807523871276,
      0.005603150111633016,
      0.005533366503399559,
      0.00547471147976776,
      0.005412617421206186,
      0.005329323179853902,
      0.005212923830456814,
      0.005251061475954633,
      0.005311776176739009,
      0.0051482330761265325,
      0.005134045252294102,
      0.005103697399348714,
      0.004990424907288237,
      0.005263137007862864,
      0.0049890674835819,
      0.0049341108932957406,
      0.005183350206278463,
      0.0046174574576496605,
      0.004586426100317151,
      0.004346397243120628,
      0.004424372926649162
    ],
    "best_val_loss": 0.004346397243120628,
    "epochs_trained": 31
  },
  "channel_stats": {
    "0": {
      "min": -2.268121423443244,
      "max": 2.3492729569968094,
      "mean": 0.0008102099201163042,
      "std": 1.4182653607883744,
      "original_range": 4.617394380440054,
      "normalization_method": "min_max",
      "is_valid": true
    },
    "1": {
      "min": -0.1990427851930369,
      "max": 3.2156059311711145,
      "mean": 0.9002914715940861,
      "std": 1.3758990402052889,
      "original_range": 3.4146487163641512,
      "normalization_method": "min_max",
      "is_valid": true
    }
  },
  "timestamp": "20250725_170835"
}