{
  "model_path": "D:\\multi\\multi\\myproject\\media\\models\\multi_channel_lstm_20250725_190924.pth",
  "channels": [
    "sim_20250725_002114_CH1",
    "sim_20250725_002114_CH0"
  ],
  "data_info": {
    "window_size": 100,
    "horizon": 10,
    "input_size": 2,
    "data_shape": [
      2,
      20000
    ]
  },
  "model_config": {
    "window_size": 100,
    "horizon": 10,
    "batch_size": 32,
    "epochs": 100,
    "lr": 0.001,
    "hidden_size": 64,
    "num_layers": 1,
    "dropout": 0.2,
    "patience": 10
  },
  "training_history": {
    "train_loss": [
      0.021094913168948085,
      0.00552026943878779,
      0.005187587982226257,
      0.0049476967978989705,
      0.004838285798424804,
      0.004754045025505331,
      0.004715952197054546,
      0.004692971619345897,
      0.0046357750058774365,
      0.004608845252782927,
      0.004636721200242408,
      0.004608420942565042,
      0.004574572379378294,
      0.0045652654556794636,
      0.004580116941040348,
      0.004563006973337305,
      0.0045588362833576855,
      0.0045567058048685246,
      0.004522120390902273,
      0.004550285206161389,
      0.004410160188520446,
      0.004372406937822768,
      0.0044305962841496415,
      0.004402110898608786
    ],
    "val_loss": [
      0.0070152535178188355,
      0.00637096052455587,
      0.006029286462704632,
      0.0057433669073284266,
      0.005641831773979728,
      0.005701725443322311,
      0.0055343188578262925,
      0.0054983392102703295,
      0.005543850174674051,
      0.005287104841083922,
      0.005302833499414153,
      0.005368842896596687,
      0.005286985156225397,
      0.005171820262516353,
      0.005324564006939986,
      0.005549500356713171,
      0.005421163993540834,
      0.00518858634917551,
      0.005937079552553614,
      0.005702176923613421,
      0.005256291851339406,
      0.005175057097035956,
      0.005095373355211353,
      0.005135394075508923
    ],
    "best_val_loss": 0.005095373355211353,
    "epochs_trained": 24
  },
  "channel_stats": {
    "0": {
      "min": -0.1990427851930369,
      "max": 3.2156059311711145,
      "mean": 0.9002914715940861,
      "std": 1.3758990402052889,
      "original_range": 3.4146487163641512,
      "normalization_method": "min_max",
      "is_valid": true
    },
    "1": {
      "min": -2.268121423443244,
      "max": 2.3492729569968094,
      "mean": 0.0008102099201163042,
      "std": 1.4182653607883744,
      "original_range": 4.617394380440054,
      "normalization_method": "min_max",
      "is_valid": true
    }
  },
  "timestamp": "20250725_190924"
}