{
  "model_path": "D:\\multi\\multi\\myproject\\media\\models\\multi_channel_lstm_20250725_184519.pth",
  "channels": [
    "sim_20250725_002114_CH0",
    "sim_20250725_002114_CH1"
  ],
  "data_info": {
    "window_size": 100,
    "horizon": 10,
    "input_size": 2,
    "data_shape": [
      2,
      20000
    ]
  },
  "model_config": {
    "window_size": 100,
    "horizon": 10,
    "batch_size": 32,
    "epochs": 100,
    "lr": 0.001,
    "hidden_size": 64,
    "num_layers": 1,
    "dropout": 0.2,
    "patience": 10
  },
  "training_history": {
    "train_loss": [
      0.024425903792063698,
      0.005572434392604985,
      0.005226661699344489,
      0.005009327322263868,
      0.004884093459839762,
      0.004835716326968795,
      0.004787150323321538,
      0.004724755156822631,
      0.004681539076429561,
      0.004664593966573118,
      0.004677243101535528,
      0.004623881271247829,
      0.004622589341400046,
      0.004543531379943346,
      0.004494156662952539,
      0.004593972664608389,
      0.004547839111850358,
      0.004534849890618833,
      0.004404733510121357,
      0.004467314339900782,
      0.004433593405755087,
      0.00442356949884641,
      0.004472637863310669,
      0.004472505604557761,
      0.004357288106677866,
      0.004483583294215117,
      0.004401034181641197,
      0.004324163040685587,
      0.004354503912634404,
      0.004261602554416899
    ],
    "val_loss": [
      0.007128812333053731,
      0.006318317888183222,
      0.0059187623023233835,
      0.005949548294859383,
      0.005628834460909043,
      0.005530700619466246,
      0.005676899992667654,
      0.005495838918772704,
      0.006078591713919602,
      0.005287111523199549,
      0.0055730138726388795,
      0.005195541115059082,
      0.005284204224850289,
      0.005333035720816932,
      0.005684332381512851,
      0.0054101634041797565,
      0.005319451820353006,
      0.005206783299032163,
      0.005079009839546609,
      0.0051571279888021505,
      0.005061000416506122,
      0.005814386258939618,
      0.005322965457998315,
      0.005100273919487471,
      0.004967867676664064,
      0.005512985665266937,
      0.00500564750016449,
      0.005007697969979725,
      0.005157310419971064,
      0.005166979697954028
    ],
    "best_val_loss": 0.004967867676664064,
    "epochs_trained": 30
  },
  "channel_stats": {
    "0": {
      "min": -2.268121423443244,
      "max": 2.3492729569968094,
      "mean": 0.0008102099201163042,
      "std": 1.4182653607883744,
      "original_range": 4.617394380440054,
      "normalization_method": "min_max",
      "is_valid": true
    },
    "1": {
      "min": -0.1990427851930369,
      "max": 3.2156059311711145,
      "mean": 0.9002914715940861,
      "std": 1.3758990402052889,
      "original_range": 3.4146487163641512,
      "normalization_method": "min_max",
      "is_valid": true
    }
  },
  "timestamp": "20250725_184519"
}