{
  "model_path": "D:\\multi\\multi\\myproject\\media\\models\\multi_channel_lstm_20250725_181500.pth",
  "channels": [
    "sim_20250725_002114_CH0",
    "sim_20250725_002114_CH1"
  ],
  "data_info": {
    "window_size": 100,
    "horizon": 10,
    "input_size": 2,
    "data_shape": [
      2,
      20000
    ]
  },
  "model_config": {
    "window_size": 100,
    "horizon": 10,
    "batch_size": 32,
    "epochs": 100,
    "lr": 0.001,
    "hidden_size": 64,
    "num_layers": 1,
    "dropout": 0.2,
    "patience": 10
  },
  "training_history": {
    "train_loss": [
      0.022314097895180175,
      0.005658194398290665,
      0.005260634531214654,
      0.005058452543998009,
      0.004851930746312014,
      0.004822450529499868,
      0.0047477252188367226,
      0.0046862962535836675,
      0.004702749924569758,
      0.0046602031098542,
      0.004639553987936954,
      0.004633126528335548,
      0.0045829467740285835,
      0.004660213091400016,
      0.004584808017921831,
      0.004569637283165897,
      0.004575463501152309,
      0.004532400134431814,
      0.004550195723497565,
      0.004478590292994941,
      0.004477993092139747,
      0.004464254309965293,
      0.004373926513293254,
      0.004432273507860506,
      0.004287144416326939,
      0.004176509417214328,
      0.0041159226045379875,
      0.004162949668654719,
      0.003984732844534654,
      0.00389377612229693,
      0.0038813051034444347,
      0.0037851488692851507,
      0.0037766018632207697,
      0.0035743833150513847,
      0.0038050477481217536,
      0.0035524541549379254,
      0.003591879608268196,
      0.0036725385791147895,
      0.0035041861172414113,
      0.0031343289971919814,
      0.0032064014300944308,
      0.0031958868358083446,
      0.0030643967330859496,
      0.0029962636815963973,
      0.0031027328154903094,
      0.003090511721242732,
      0.002950677055162762,
      0.0029694021332618103,
      0.0030169424456314596,
      0.002666590241752693,
      0.0025544148705469298,
      0.0026206699182752544,
      0.0027256735761136183,
      0.002563760695453528,
      0.002526976237043636,
      0.0024124505499633106,
      0.0024823188244919464,
      0.002609839591685225,
      0.0024391068380599447,
      0.002526577414905785,
      0.002437171191559173,
      0.002108608937430849,
      0.0021300879168247274,
      0.0020862341671674767,
      0.002097531347100328,
      0.002090730231963931,
      0.002022891781328101,
      0.0021397060043938936,
      0.0021063947093987053,
      0.002089768150712389,
      0.0019367309602259428,
      0.00201163672057884,
      0.0019491831577781358,
      0.0020079526575250174,
      0.0019187527976918394,
      0.0017568858449455188,
      0.0017881290971113522,
      0.001752862419346732,
      0.0018221437142720797,
      0.0017635291551080653,
      0.0017271415099374514,
      0.0017332139777029231,
      0.001735636602111007,
      0.0017700340921099837,
      0.001728729525468325,
      0.0018001970912595792,
      0.0016489541686755186,
      0.0016603126443458995,
      0.0016305313136966882,
      0.0016864583265637646,
      0.0016735348794550567,
      0.0016418153180050826,
      0.0016766871917627563,
      0.0016367668919441496,
      0.0016081154801981061,
      0.0016352352128847965,
      0.0015948106842638857,
      0.001602617473984479
    ],
    "val_loss": [
      0.0070993802887932495,
      0.006775802449989529,
      0.006409559663300937,
      0.0060396820301824115,
      0.005670965585097215,
      0.005649926997919349,
      0.0055499612641684275,
      0.006632837728830054,
      0.0053408670036662175,
      0.005392344482119215,
      0.005547081870509886,
      0.005409520820707102,
      0.0052497736456992225,
      0.005433403421812592,
      0.005431836797915241,
      0.0053530579920179466,
      0.005161523405943026,
      0.005825413661597772,
      0.005278583576077933,
      0.005263838794409357,
      0.0052148784334929855,
      0.005174599968124815,
      0.004806953782346991,
      0.00536989860925229,
      0.005655920131136961,
      0.005238642311714431,
      0.005099671405177821,
      0.004707116400203767,
      0.004601302543380099,
      0.003624525807607186,
      0.0036676761860206246,
      0.0046555672368490475,
      0.0034061425450342174,
      0.004363207418986774,
      0.003919063866363858,
      0.0036476068824103616,
      0.0035691689015638598,
      0.00355879894236073,
      0.0044397384651560096,
      0.003532910440860197,
      0.003876922221450591,
      0.0031990217926733673,
      0.0027544391929776348,
      0.0034691613988623894,
      0.002874141898652677,
      0.0034280179534107447,
      0.0029506204139560146,
      0.003069427991384997,
      0.0028194356040949836,
      0.0027401109230382604,
      0.0027017329495642927,
      0.002943987774531397,
      0.0027542875453017337,
      0.003294008339698268,
      0.00224095778422123,
      0.002624582974215415,
      0.002411126992925308,
      0.002611536455236653,
      0.0024469184674981467,
      0.0025076272354357223,
      0.0022690208251662353,
      0.0022935935387764362,
      0.0020266904742110205,
      0.0026007629451069466,
      0.0021371431057366167,
      0.0019695633515205355,
      0.0020924207099287354,
      0.0021712101241722305,
      0.0018345023111559133,
      0.002104766177697147,
      0.0024583568794038545,
      0.001942800968499022,
      0.0019979866285327864,
      0.0019701568953484853,
      0.0020544115175924046,
      0.0017667789222112797,
      0.0018726843864374616,
      0.002672756517410001,
      0.0018757418054403698,
      0.0017464788218197274,
      0.0017956084899351675,
      0.001750175482618246,
      0.001878821121360314,
      0.0018654302152076815,
      0.00203900646103764,
      0.0020457029960643342,
      0.0017469310352796728,
      0.001662041631247353,
      0.0017727689546324866,
      0.0016739205769981515,
      0.0018297124956239094,
      0.0016954127247717746,
      0.0017180024287688168,
      0.001850314503671859,
      0.0016854883424264001,
      0.0018323046580065994,
      0.0017076196449937577,
      0.0016936316232920247
    ],
    "best_val_loss": 0.001662041631247353,
    "epochs_trained": 98
  },
  "channel_stats": {
    "0": {
      "min": -2.268121423443244,
      "max": 2.3492729569968094,
      "mean": 0.0008102099201163042,
      "std": 1.4182653607883744,
      "original_range": 4.617394380440054,
      "normalization_method": "min_max",
      "is_valid": true
    },
    "1": {
      "min": -0.1990427851930369,
      "max": 3.2156059311711145,
      "mean": 0.9002914715940861,
      "std": 1.3758990402052889,
      "original_range": 3.4146487163641512,
      "normalization_method": "min_max",
      "is_valid": true
    }
  },
  "timestamp": "20250725_181500"
}