{
  "model_path": "D:\\multi\\multi\\myproject\\media\\models\\multi_channel_lstm_20250725_182057.pth",
  "channels": [
    "sim_20250725_002114_CH0",
    "sim_20250725_002114_CH1"
  ],
  "data_info": {
    "window_size": 100,
    "horizon": 10,
    "input_size": 2,
    "data_shape": [
      2,
      20000
    ]
  },
  "model_config": {
    "window_size": 100,
    "horizon": 10,
    "batch_size": 32,
    "epochs": 100,
    "lr": 0.001,
    "hidden_size": 64,
    "num_layers": 1,
    "dropout": 0.2,
    "patience": 10
  },
  "training_history": {
    "train_loss": [
      0.02066048714553899,
      0.00563369898503078,
      0.005239819626536417,
      0.004985716675062143,
      0.004885417882245197,
      0.00479277565585633,
      0.004740897939757256,
      0.004696921875178088,
      0.004685672291889872,
      0.004646154288378749,
      0.004673643233793907,
      0.004622706958523165,
      0.004577802075500335,
      0.00459331277263385,
      0.004579584648402263,
      0.004622217290714349,
      0.0046071704864766826,
      0.004620429963207753,
      0.004597896100326288,
      0.00451812421616782,
      0.004536120543163483,
      0.004537792289546806,
      0.004467541890802533,
      0.00448660836531033,
      0.004499271080013228,
      0.004484895758150325,
      0.004506599464840384,
      0.004445398535441667,
      0.0043876844284994046,
      0.00441288633524107,
      0.0044249281145145244,
      0.004415100245066884,
      0.004348938673635338,
      0.004348631661466468,
      0.004232124068214635,
      0.004193976069514858,
      0.004246465614748534,
      0.004008697430294012,
      0.004000444732509754,
      0.0037918085171098803,
      0.0038490921504306394,
      0.0037076519066606725,
      0.0036763350301477716
    ],
    "val_loss": [
      0.007080155262535319,
      0.006328783973932583,
      0.005944044736679643,
      0.005800952897419499,
      0.0056305067063225035,
      0.005495549239678942,
      0.0054529892529009225,
      0.005377517998258167,
      0.005364340019444538,
      0.0054108202875408525,
      0.005470056001015225,
      0.005597285915195862,
      0.005434224562858172,
      0.00538914954999432,
      0.005332632278874913,
      0.005606093792866499,
      0.005765103203420369,
      0.0054951974808763555,
      0.00533148152982826,
      0.005340583198282749,
      0.0052516144728832976,
      0.005230319223668862,
      0.005218789755475727,
      0.0051279170076397465,
      0.005278734555294579,
      0.005243646155267538,
      0.005440349184704865,
      0.00526993197421147,
      0.005249857579907799,
      0.0050851161640627866,
      0.004941275993490869,
      0.004956566062978806,
      0.005112581219130314,
      0.004773969510310091,
      0.00583777887167092,
      0.004317258026121442,
      0.004190167422688744,
      0.003870496216126064,
      0.0048267350537068345,
      0.0038911654388512225,
      0.0035823798627577764,
      0.004818571737330863,
      0.005503247816801725
    ],
    "best_val_loss": 0.0035823798627577764,
    "epochs_trained": 43
  },
  "channel_stats": {
    "0": {
      "min": -2.268121423443244,
      "max": 2.3492729569968094,
      "mean": 0.0008102099201163042,
      "std": 1.4182653607883744,
      "original_range": 4.617394380440054,
      "normalization_method": "min_max",
      "is_valid": true
    },
    "1": {
      "min": -0.1990427851930369,
      "max": 3.2156059311711145,
      "mean": 0.9002914715940861,
      "std": 1.3758990402052889,
      "original_range": 3.4146487163641512,
      "normalization_method": "min_max",
      "is_valid": true
    }
  },
  "timestamp": "20250725_182057"
}