{
  "model_path": "D:\\multi\\multi\\myproject\\media\\models\\multi_channel_lstm_20250725_190608.pth",
  "channels": [
    "sim_20250725_002114_CH1",
    "sim_20250725_002114_CH0"
  ],
  "data_info": {
    "window_size": 100,
    "horizon": 10,
    "input_size": 2,
    "data_shape": [
      2,
      20000
    ]
  },
  "model_config": {
    "window_size": 100,
    "horizon": 10,
    "batch_size": 32,
    "epochs": 100,
    "lr": 0.001,
    "hidden_size": 64,
    "num_layers": 1,
    "dropout": 0.2,
    "patience": 10
  },
  "training_history": {
    "train_loss": [
      0.02178835642319536,
      0.005468496638659917,
      0.005278893818394196,
      0.004968129651121146,
      0.0048504364447147,
      0.004794295072991298,
      0.004749519723975378,
      0.004683629846747178,
      0.004654315902655005,
      0.004664410529401871,
      0.004654506490957804,
      0.004650816307088078,
      0.004584985551020609,
      0.004576616564476136,
      0.004590617809599531,
      0.004598987516196799,
      0.004578774100449363,
      0.004568329425379121,
      0.004551782038990929,
      0.004573727107885584,
      0.0045954005062738175
    ],
    "val_loss": [
      0.007121477438325181,
      0.006394850286442113,
      0.006188733804787687,
      0.005779682628580052,
      0.005664387446620125,
      0.0056598593962027075,
      0.005442691532810753,
      0.005561519087852038,
      0.005857137640866332,
      0.006542450117388185,
      0.005272338434340472,
      0.005384047215363566,
      0.005287412880050474,
      0.005277383702552005,
      0.005265604360326332,
      0.005517175670668601,
      0.005296014723655312,
      0.00534699644095839,
      0.005437821040222263,
      0.005398424366734268,
      0.005412126582938227
    ],
    "best_val_loss": 0.005265604360326332,
    "epochs_trained": 21
  },
  "channel_stats": {
    "0": {
      "min": -0.1990427851930369,
      "max": 3.2156059311711145,
      "mean": 0.9002914715940861,
      "std": 1.3758990402052889,
      "original_range": 3.4146487163641512,
      "normalization_method": "min_max",
      "is_valid": true
    },
    "1": {
      "min": -2.268121423443244,
      "max": 2.3492729569968094,
      "mean": 0.0008102099201163042,
      "std": 1.4182653607883744,
      "original_range": 4.617394380440054,
      "normalization_method": "min_max",
      "is_valid": true
    }
  },
  "timestamp": "20250725_190608"
}