{
  "model_path": "D:\\multi\\multi\\myproject\\media\\models\\multi_channel_lstm_20250725_171214.pth",
  "channels": [
    "sim_20250725_002114_CH0",
    "sim_20250725_002114_CH1"
  ],
  "data_info": {
    "window_size": 100,
    "horizon": 10,
    "input_size": 2,
    "data_shape": [
      2,
      20000
    ]
  },
  "model_config": {
    "window_size": 100,
    "horizon": 10,
    "batch_size": 32,
    "epochs": 100,
    "lr": 0.001,
    "hidden_size": 64,
    "num_layers": 1,
    "dropout": 0.2,
    "patience": 10
  },
  "training_history": {
    "train_loss": [
      0.02064329353890087,
      0.005422866540248591,
      0.0051120217796628694,
      0.00512419794907755,
      0.004866190542522476,
      0.004780293765521625,
      0.004717004007351192,
      0.004643468164364645,
      0.004669917142672845,
      0.004631064722603913,
      0.0047737881749518075,
      0.004633637712018804,
      0.0045395258894465745,
      0.004534018593770879,
      0.004635425283703868,
      0.004537907761664219,
      0.0045227288509347395,
      0.004475881779457468,
      0.004573402985601489,
      0.004459393283335168
    ],
    "val_loss": [
      0.00692350156896282,
      0.006150612887490461,
      0.005880540086357715,
      0.005860803133320123,
      0.005515385295284238,
      0.005501569434505036,
      0.005502903229306809,
      0.005437689058376139,
      0.0053214187850863575,
      0.005281466094682865,
      0.005227599280918552,
      0.005281265012912472,
      0.005346573619271054,
      0.00526678260320431,
      0.005233193907460713,
      0.005183601000177813,
      0.00538528674347772,
      0.005278615205130104,
      0.005220735547172421,
      0.004999936465421652
    ],
    "best_val_loss": 0.004999936465421652,
    "epochs_trained": 20
  },
  "channel_stats": {
    "0": {
      "min": -2.268121423443244,
      "max": 2.3492729569968094,
      "mean": 0.0008102099201163042,
      "std": 1.4182653607883744,
      "original_range": 4.617394380440054,
      "normalization_method": "min_max",
      "is_valid": true
    },
    "1": {
      "min": -0.1990427851930369,
      "max": 3.2156059311711145,
      "mean": 0.9002914715940861,
      "std": 1.3758990402052889,
      "original_range": 3.4146487163641512,
      "normalization_method": "min_max",
      "is_valid": true
    }
  },
  "timestamp": "20250725_171214"
}