{
  "model_path": "D:\\multi\\multi\\myproject\\media\\models\\multi_channel_lstm_20250725_192057.pth",
  "channels": [
    "sim_20250725_002114_CH1",
    "sim_20250725_002114_CH0"
  ],
  "data_info": {
    "window_size": 100,
    "horizon": 10,
    "input_size": 2,
    "data_shape": [
      2,
      20000
    ]
  },
  "model_config": {
    "window_size": 100,
    "horizon": 10,
    "batch_size": 32,
    "epochs": 100,
    "lr": 0.001,
    "hidden_size": 64,
    "num_layers": 1,
    "dropout": 0.2,
    "patience": 10
  },
  "training_history": {
    "train_loss": [
      0.022609840013960443,
      0.005525186769247755,
      0.0051935135685665735,
      0.004943935576518742,
      0.004862243218967956,
      0.0047182125612664026,
      0.004705733767485806,
      0.004683596723784539,
      0.0046565080313343095,
      0.00463097710365327,
      0.00459633795961037,
      0.004603573927760483,
      0.004590606243764008,
      0.004539481412518957,
      0.004525558021744081,
      0.004491002421581545,
      0.004502361464442861,
      0.0045364056281994285,
      0.004514513445704099,
      0.004488517298499857,
      0.0044352503021759275,
      0.004494172407590801,
      0.004489788420977917,
      0.0044577090247745685,
      0.004442236103611964,
      0.004419515309764559,
      0.004401038306708653,
      0.004433330537755589,
      0.004364203802326484,
      0.00428658564240723,
      0.004266021537317878,
      0.004192419164309944,
      0.00420701735122439,
      0.004121311577255923,
      0.00393022712236783,
      0.003854460873224008,
      0.003814286450639692,
      0.0037036125230177843,
      0.0038022989100924003,
      0.0036209214394890762,
      0.0035389486244113886,
      0.0035055589467931085,
      0.00350523646380229,
      0.0034349030631363664,
      0.0033902375932292664,
      0.003254474673784389,
      0.0032997449264282773,
      0.0034178148807184516,
      0.002980366998716309,
      0.002959144248244237,
      0.0028156501908814364,
      0.002928864577311997,
      0.002961236131716618,
      0.0027265941314724993,
      0.0027762643072125077,
      0.0029348614259164804,
      0.0026452152831869737,
      0.0026570330729062987,
      0.0027647596707037828,
      0.0025211416475005967,
      0.00231151532766531,
      0.002253084415206771,
      0.0023417004126838597,
      0.0022265504307509825,
      0.0023027915458025093,
      0.0020013043344946826,
      0.0023193579930635894,
      0.002320639078396932,
      0.0021382500391497294,
      0.0020706638798075982,
      0.002083568936499549,
      0.0021872400243284924,
      0.002079045909407245,
      0.002194376134232473,
      0.002187936855138305,
      0.0022531269653406584,
      0.0020845339856742787,
      0.0021207763633472898,
      0.0018916215194622055,
      0.001862135776259868,
      0.0018262854685025384,
      0.0018151112175423764,
      0.0018246695568166682,
      0.001775113559408656,
      0.0017449656503281444,
      0.0018470095855172152,
      0.0017275391334113494,
      0.0017846498297689774,
      0.0018261592089435633,
      0.001762017691729552,
      0.0017997194048168924,
      0.0017415341055244977,
      0.0017200336725357065,
      0.001826373519605013,
      0.0017591947472708753,
      0.001818457803325279,
      0.0016378520189174622,
      0.0015964379787515557,
      0.0016511512863254302,
      0.0015740794067723898
    ],
    "val_loss": [
      0.006984154040803835,
      0.007705995450143088,
      0.0061900460652318445,
      0.0058167211112610875,
      0.005540349230633434,
      0.005710161523274245,
      0.005587645536078081,
      0.005564046852746384,
      0.00532601537440527,
      0.005585762572430193,
      0.005616903003488489,
      0.005553115420588391,
      0.005414125884813752,
      0.005239687514481472,
      0.005228348686285515,
      0.005475681718188695,
      0.005229139506712833,
      0.005325155824972713,
      0.005166378193299603,
      0.005204283867955227,
      0.005383881134974295,
      0.005357154569479617,
      0.00531275263687774,
      0.005251385909046958,
      0.005104802490368069,
      0.005693174319334348,
      0.0051625360709372315,
      0.005187657807874394,
      0.005219904379238018,
      0.005029958100342984,
      0.005009115869278445,
      0.004391381841839014,
      0.004531836733494469,
      0.004185142272654822,
      0.004384583992663117,
      0.004504183882864767,
      0.004675030837112919,
      0.004018059883395487,
      0.004163047750827242,
      0.003424139465502602,
      0.0035311235306893494,
      0.0032312509822386734,
      0.003538757885566001,
      0.004830073398362072,
      0.00369989104783212,
      0.004664120264041753,
      0.0036480285662617734,
      0.005437759243811362,
      0.002814750067897121,
      0.0032747402639212485,
      0.0030107967663269013,
      0.002880149952846857,
      0.00273382277977207,
      0.003647768342102125,
      0.004068087672188065,
      0.0036626111751947394,
      0.002772072316803771,
      0.0043982904648378575,
      0.0035557032685399927,
      0.002247387373032286,
      0.0023759955458561,
      0.002844148604050675,
      0.0022325495609696556,
      0.003031692926479662,
      0.00235438546781339,
      0.002686426246927635,
      0.0020888229965806957,
      0.0021142533793302373,
      0.0027846611300582423,
      0.002256884564709988,
      0.0027083153034525706,
      0.0019632522440936537,
      0.0026010300541801893,
      0.0020521311287550214,
      0.002193991055196904,
      0.002520294735230446,
      0.002130374311162357,
      0.002168348620390579,
      0.001839204325694888,
      0.002197336487408896,
      0.0017761136154381637,
      0.001855982358237986,
      0.0018234168695771393,
      0.0019463948630529674,
      0.0020608090181919213,
      0.0017256500875017546,
      0.0017705506164000984,
      0.0018881899642168565,
      0.0017732744330560114,
      0.0016417203881614346,
      0.0019220111586965938,
      0.001793834209588277,
      0.0017408825061717467,
      0.002064263840866067,
      0.0018345403647238507,
      0.0017261350827113269,
      0.0016711946620799087,
      0.0020719782088293713,
      0.0019646413496415566,
      0.0018220405197117795
    ],
    "best_val_loss": 0.0016417203881614346,
    "epochs_trained": 100
  },
  "channel_stats": {
    "0": {
      "min": -0.1990427851930369,
      "max": 3.2156059311711145,
      "mean": 0.9002914715940861,
      "std": 1.3758990402052889,
      "original_range": 3.4146487163641512,
      "normalization_method": "min_max",
      "is_valid": true
    },
    "1": {
      "min": -2.268121423443244,
      "max": 2.3492729569968094,
      "mean": 0.0008102099201163042,
      "std": 1.4182653607883744,
      "original_range": 4.617394380440054,
      "normalization_method": "min_max",
      "is_valid": true
    }
  },
  "timestamp": "20250725_192057"
}