{
  "model_path": "D:\\multi\\multi\\myproject\\media\\models\\multi_channel_lstm_20250725_171624.pth",
  "channels": [
    "sim_20250725_002114_CH0",
    "sim_20250725_002114_CH1"
  ],
  "data_info": {
    "window_size": 100,
    "horizon": 10,
    "input_size": 2,
    "data_shape": [
      2,
      20000
    ]
  },
  "model_config": {
    "window_size": 100,
    "horizon": 10,
    "batch_size": 32,
    "epochs": 100,
    "lr": 0.001,
    "hidden_size": 64,
    "num_layers": 1,
    "dropout": 0.2,
    "patience": 10
  },
  "training_history": {
    "train_loss": [
      0.020190666702847263,
      0.005568815356252903,
      0.0052070051659680395,
      0.005020657835294356,
      0.004887737546846647,
      0.004793429876455542,
      0.004694509476160528,
      0.004687871875421896,
      0.004658038368880633,
      0.004633140585619162,
      0.004611494054605569
    ],
    "val_loss": [
      0.0074544065672795265,
      0.006231577398795436,
      0.006072262127727686,
      0.005679360483748283,
      0.005602233917167549,
      0.005480825174364578,
      0.005653767487990294,
      0.0057370177252797725,
      0.005381398675145898,
      0.0056081715787939255,
      0.0053184160760212495
    ],
    "best_val_loss": 0.0053184160760212495,
    "epochs_trained": 11
  },
  "channel_stats": {
    "0": {
      "min": -2.268121423443244,
      "max": 2.3492729569968094,
      "mean": 0.0008102099201163042,
      "std": 1.4182653607883744,
      "original_range": 4.617394380440054,
      "normalization_method": "min_max",
      "is_valid": true
    },
    "1": {
      "min": -0.1990427851930369,
      "max": 3.2156059311711145,
      "mean": 0.9002914715940861,
      "std": 1.3758990402052889,
      "original_range": 3.4146487163641512,
      "normalization_method": "min_max",
      "is_valid": true
    }
  },
  "timestamp": "20250725_171624"
}