{
  "model_path": "D:\\multi\\multi\\myproject\\media\\models\\multi_channel_lstm_20250725_164204.pth",
  "channels": [
    "sim_20250725_002114_CH0",
    "sim_20250725_002114_CH1"
  ],
  "data_info": {
    "window_size": 100,
    "horizon": 10,
    "input_size": 2,
    "data_shape": [
      2,
      20000
    ]
  },
  "model_config": {
    "window_size": 100,
    "horizon": 10,
    "batch_size": 32,
    "epochs": 100,
    "lr": 0.001,
    "hidden_size": 64,
    "num_layers": 1,
    "dropout": 0.2,
    "patience": 10
  },
  "training_history": {
    "train_loss": [
      0.020617438221928117,
      0.0056252590020949775,
      0.005225396406310269,
      0.005056378813038597,
      0.004913827603167017,
      0.004786285031464062,
      0.004770516800409004,
      0.0047063490864767375,
      0.004656031070818586,
      0.004667270091685911,
      0.004650595730625588,
      0.004616664271452464,
      0.004633149933021883,
      0.004605791737366075
    ],
    "val_loss": [
      0.007154283146287235,
      0.008589278631026242,
      0.006041084294841486,
      0.005753861644250797,
      0.005685215548084593,
      0.005641604859463653,
      0.006368256105912572,
      0.005386805137993392,
      0.005357161966187166,
      0.005326943032064555,
      0.005505150589012006,
      0.005302085172746608,
      0.005347651714939584,
      0.005415261315957128
    ],
    "best_val_loss": 0.005302085172746608,
    "epochs_trained": 14
  },
  "channel_stats": {
    "0": {
      "min": -2.268121423443244,
      "max": 2.3492729569968094,
      "mean": 0.0008102099201163042,
      "std": 1.4182653607883744,
      "original_range": 4.617394380440054,
      "normalization_method": "min_max",
      "is_valid": true
    },
    "1": {
      "min": -0.1990427851930369,
      "max": 3.2156059311711145,
      "mean": 0.9002914715940861,
      "std": 1.3758990402052889,
      "original_range": 3.4146487163641512,
      "normalization_method": "min_max",
      "is_valid": true
    }
  },
  "timestamp": "20250725_164204"
}